-- MySQL dump 10.13  Distrib 5.7.12, for Win64 (x86_64)
--
-- Host: 124.158.111.13    Database: mcsi_portal
-- ------------------------------------------------------
-- Server version	5.7.14-log

/*!40101 SET @OLD_CHARACTER_SET_CLIENT=@@CHARACTER_SET_CLIENT */;
/*!40101 SET @OLD_CHARACTER_SET_RESULTS=@@CHARACTER_SET_RESULTS */;
/*!40101 SET @OLD_COLLATION_CONNECTION=@@COLLATION_CONNECTION */;
/*!40101 SET NAMES utf8 */;
/*!40103 SET @OLD_TIME_ZONE=@@TIME_ZONE */;
/*!40103 SET TIME_ZONE='+00:00' */;
/*!40014 SET @OLD_UNIQUE_CHECKS=@@UNIQUE_CHECKS, UNIQUE_CHECKS=0 */;
/*!40014 SET @OLD_FOREIGN_KEY_CHECKS=@@FOREIGN_KEY_CHECKS, FOREIGN_KEY_CHECKS=0 */;
/*!40101 SET @OLD_SQL_MODE=@@SQL_MODE, SQL_MODE='NO_AUTO_VALUE_ON_ZERO' */;
/*!40111 SET @OLD_SQL_NOTES=@@SQL_NOTES, SQL_NOTES=0 */;

--
-- Table structure for table `auth_group`
--

DROP TABLE IF EXISTS `auth_group`;
/*!40101 SET @saved_cs_client     = @@character_set_client */;
/*!40101 SET character_set_client = utf8 */;
CREATE TABLE `auth_group` (
  `id` int(11) NOT NULL AUTO_INCREMENT,
  `name` varchar(80) NOT NULL,
  PRIMARY KEY (`id`),
  UNIQUE KEY `name` (`name`)
) ENGINE=InnoDB DEFAULT CHARSET=utf8;
/*!40101 SET character_set_client = @saved_cs_client */;

--
-- Dumping data for table `auth_group`
--

LOCK TABLES `auth_group` WRITE;
/*!40000 ALTER TABLE `auth_group` DISABLE KEYS */;
/*!40000 ALTER TABLE `auth_group` ENABLE KEYS */;
UNLOCK TABLES;

--
-- Table structure for table `auth_group_permissions`
--

DROP TABLE IF EXISTS `auth_group_permissions`;
/*!40101 SET @saved_cs_client     = @@character_set_client */;
/*!40101 SET character_set_client = utf8 */;
CREATE TABLE `auth_group_permissions` (
  `id` int(11) NOT NULL AUTO_INCREMENT,
  `group_id` int(11) NOT NULL,
  `permission_id` int(11) NOT NULL,
  PRIMARY KEY (`id`),
  UNIQUE KEY `auth_group_permissions_group_id_0cd325b0_uniq` (`group_id`,`permission_id`),
  KEY `auth_group_permissi_permission_id_84c5c92e_fk_auth_permission_id` (`permission_id`),
  CONSTRAINT `auth_group_permissi_permission_id_84c5c92e_fk_auth_permission_id` FOREIGN KEY (`permission_id`) REFERENCES `auth_permission` (`id`),
  CONSTRAINT `auth_group_permissions_group_id_b120cbf9_fk_auth_group_id` FOREIGN KEY (`group_id`) REFERENCES `auth_group` (`id`)
) ENGINE=InnoDB DEFAULT CHARSET=utf8;
/*!40101 SET character_set_client = @saved_cs_client */;

--
-- Dumping data for table `auth_group_permissions`
--

LOCK TABLES `auth_group_permissions` WRITE;
/*!40000 ALTER TABLE `auth_group_permissions` DISABLE KEYS */;
/*!40000 ALTER TABLE `auth_group_permissions` ENABLE KEYS */;
UNLOCK TABLES;

--
-- Table structure for table `auth_permission`
--

DROP TABLE IF EXISTS `auth_permission`;
/*!40101 SET @saved_cs_client     = @@character_set_client */;
/*!40101 SET character_set_client = utf8 */;
CREATE TABLE `auth_permission` (
  `id` int(11) NOT NULL AUTO_INCREMENT,
  `name` varchar(255) NOT NULL,
  `content_type_id` int(11) NOT NULL,
  `codename` varchar(100) NOT NULL,
  PRIMARY KEY (`id`),
  UNIQUE KEY `auth_permission_content_type_id_01ab375a_uniq` (`content_type_id`,`codename`),
  CONSTRAINT `auth_permissi_content_type_id_2f476e4b_fk_django_content_type_id` FOREIGN KEY (`content_type_id`) REFERENCES `django_content_type` (`id`)
) ENGINE=InnoDB AUTO_INCREMENT=58 DEFAULT CHARSET=utf8;
/*!40101 SET character_set_client = @saved_cs_client */;

--
-- Dumping data for table `auth_permission`
--

LOCK TABLES `auth_permission` WRITE;
/*!40000 ALTER TABLE `auth_permission` DISABLE KEYS */;
INSERT INTO `auth_permission` VALUES (1,'Can add log entry',1,'add_logentry'),(2,'Can change log entry',1,'change_logentry'),(3,'Can delete log entry',1,'delete_logentry'),(4,'Can add user',2,'add_user'),(5,'Can change user',2,'change_user'),(6,'Can delete user',2,'delete_user'),(7,'Can add permission',3,'add_permission'),(8,'Can change permission',3,'change_permission'),(9,'Can delete permission',3,'delete_permission'),(10,'Can add group',4,'add_group'),(11,'Can change group',4,'change_group'),(12,'Can delete group',4,'delete_group'),(13,'Can add content type',5,'add_contenttype'),(14,'Can change content type',5,'change_contenttype'),(15,'Can delete content type',5,'delete_contenttype'),(16,'Can add session',6,'add_session'),(17,'Can change session',6,'change_session'),(18,'Can delete session',6,'delete_session'),(19,'Can add contact',7,'add_contact'),(20,'Can change contact',7,'change_contact'),(21,'Can delete contact',7,'delete_contact'),(22,'Can add legal',8,'add_legal'),(23,'Can change legal',8,'change_legal'),(24,'Can delete legal',8,'delete_legal'),(25,'Can add legal type',9,'add_legaltype'),(26,'Can change legal type',9,'change_legaltype'),(27,'Can delete legal type',9,'delete_legaltype'),(28,'Can add post',10,'add_post'),(29,'Can change post',10,'change_post'),(30,'Can delete post',10,'delete_post'),(31,'Can add quiz',11,'add_quiz'),(32,'Can change quiz',11,'change_quiz'),(33,'Can delete quiz',11,'delete_quiz'),(34,'Can add background',12,'add_background'),(35,'Can change background',12,'change_background'),(36,'Can delete background',12,'delete_background'),(37,'Can add pictures',13,'add_pictures'),(38,'Can change pictures',13,'change_pictures'),(39,'Can delete pictures',13,'delete_pictures'),(40,'Can add feedback',14,'add_feedback'),(41,'Can change feedback',14,'change_feedback'),(42,'Can delete feedback',14,'delete_feedback'),(43,'Can add message',15,'add_message'),(44,'Can change message',15,'change_message'),(45,'Can delete message',15,'delete_message'),(46,'Can add price',16,'add_price'),(47,'Can change price',16,'change_price'),(48,'Can delete price',16,'delete_price'),(49,'Can add system history',17,'add_systemhistory'),(50,'Can change system history',17,'change_systemhistory'),(51,'Can delete system history',17,'delete_systemhistory'),(52,'Can add home banner',18,'add_homebanner'),(53,'Can change home banner',18,'change_homebanner'),(54,'Can delete home banner',18,'delete_homebanner'),(55,'Can add introduction',19,'add_introduction'),(56,'Can change introduction',19,'change_introduction'),(57,'Can delete introduction',19,'delete_introduction');
/*!40000 ALTER TABLE `auth_permission` ENABLE KEYS */;
UNLOCK TABLES;

--
-- Table structure for table `auth_user`
--

DROP TABLE IF EXISTS `auth_user`;
/*!40101 SET @saved_cs_client     = @@character_set_client */;
/*!40101 SET character_set_client = utf8 */;
CREATE TABLE `auth_user` (
  `id` int(11) NOT NULL AUTO_INCREMENT,
  `password` varchar(128) NOT NULL,
  `last_login` datetime(6) DEFAULT NULL,
  `is_superuser` tinyint(1) NOT NULL,
  `username` varchar(150) NOT NULL,
  `first_name` varchar(30) NOT NULL,
  `last_name` varchar(30) NOT NULL,
  `email` varchar(254) NOT NULL,
  `is_staff` tinyint(1) NOT NULL,
  `is_active` tinyint(1) NOT NULL,
  `date_joined` datetime(6) NOT NULL,
  PRIMARY KEY (`id`),
  UNIQUE KEY `username` (`username`)
) ENGINE=InnoDB AUTO_INCREMENT=59 DEFAULT CHARSET=utf8;
/*!40101 SET character_set_client = @saved_cs_client */;

--
-- Dumping data for table `auth_user`
--

LOCK TABLES `auth_user` WRITE;
/*!40000 ALTER TABLE `auth_user` DISABLE KEYS */;
INSERT INTO `auth_user` VALUES (1,'pbkdf2_sha256$30000$QeZG0w2hrIUB$Qf1URKCYQP2PW99T0u08oNjq3vTMzYK7GwwKMSE12GI=','2017-05-24 02:01:42.811418',1,'admin','Erdenesuren','Namjildorj','admin@odi.mn',1,1,'2017-01-14 00:37:37.466563'),(57,'pbkdf2_sha256$30000$wZCKLs0R3jLx$+vjblyZaDzqqQ4MKq7G9PqUuwkiKeqCmt4i6v60SWnA=','2017-05-24 03:37:23.550353',0,'1911545','Болдбаатар','Балдансамбуу','boldbaatar.b@odi.mn',0,1,'2017-05-23 16:29:13.587230'),(58,'pbkdf2_sha256$30000$MC3Z77BdpV77$RIqyt2Z8033zzTxaS4v3br37McLZCpYVmdQwHwnfO14=','2017-05-23 14:53:48.835026',0,'1912537','Грийт Импайр ХХК','','enkhule_be@yahoo.com',0,1,'2017-05-23 17:15:02.615794');
/*!40000 ALTER TABLE `auth_user` ENABLE KEYS */;
UNLOCK TABLES;

--
-- Table structure for table `auth_user_groups`
--

DROP TABLE IF EXISTS `auth_user_groups`;
/*!40101 SET @saved_cs_client     = @@character_set_client */;
/*!40101 SET character_set_client = utf8 */;
CREATE TABLE `auth_user_groups` (
  `id` int(11) NOT NULL AUTO_INCREMENT,
  `user_id` int(11) NOT NULL,
  `group_id` int(11) NOT NULL,
  PRIMARY KEY (`id`),
  UNIQUE KEY `auth_user_groups_user_id_94350c0c_uniq` (`user_id`,`group_id`),
  KEY `auth_user_groups_group_id_97559544_fk_auth_group_id` (`group_id`),
  CONSTRAINT `auth_user_groups_group_id_97559544_fk_auth_group_id` FOREIGN KEY (`group_id`) REFERENCES `auth_group` (`id`),
  CONSTRAINT `auth_user_groups_user_id_6a12ed8b_fk_auth_user_id` FOREIGN KEY (`user_id`) REFERENCES `auth_user` (`id`)
) ENGINE=InnoDB DEFAULT CHARSET=utf8;
/*!40101 SET character_set_client = @saved_cs_client */;

--
-- Dumping data for table `auth_user_groups`
--

LOCK TABLES `auth_user_groups` WRITE;
/*!40000 ALTER TABLE `auth_user_groups` DISABLE KEYS */;
/*!40000 ALTER TABLE `auth_user_groups` ENABLE KEYS */;
UNLOCK TABLES;

--
-- Table structure for table `auth_user_user_permissions`
--

DROP TABLE IF EXISTS `auth_user_user_permissions`;
/*!40101 SET @saved_cs_client     = @@character_set_client */;
/*!40101 SET character_set_client = utf8 */;
CREATE TABLE `auth_user_user_permissions` (
  `id` int(11) NOT NULL AUTO_INCREMENT,
  `user_id` int(11) NOT NULL,
  `permission_id` int(11) NOT NULL,
  PRIMARY KEY (`id`),
  UNIQUE KEY `auth_user_user_permissions_user_id_14a6b632_uniq` (`user_id`,`permission_id`),
  KEY `auth_user_user_perm_permission_id_1fbb5f2c_fk_auth_permission_id` (`permission_id`),
  CONSTRAINT `auth_user_user_perm_permission_id_1fbb5f2c_fk_auth_permission_id` FOREIGN KEY (`permission_id`) REFERENCES `auth_permission` (`id`),
  CONSTRAINT `auth_user_user_permissions_user_id_a95ead1b_fk_auth_user_id` FOREIGN KEY (`user_id`) REFERENCES `auth_user` (`id`)
) ENGINE=InnoDB DEFAULT CHARSET=utf8;
/*!40101 SET character_set_client = @saved_cs_client */;

--
-- Dumping data for table `auth_user_user_permissions`
--

LOCK TABLES `auth_user_user_permissions` WRITE;
/*!40000 ALTER TABLE `auth_user_user_permissions` DISABLE KEYS */;
/*!40000 ALTER TABLE `auth_user_user_permissions` ENABLE KEYS */;
UNLOCK TABLES;

--
-- Table structure for table `datas_background`
--

DROP TABLE IF EXISTS `datas_background`;
/*!40101 SET @saved_cs_client     = @@character_set_client */;
/*!40101 SET character_set_client = utf8 */;
CREATE TABLE `datas_background` (
  `id` int(11) NOT NULL AUTO_INCREMENT,
  `page_name` varchar(100) NOT NULL,
  `page_slug` varchar(100) NOT NULL,
  `updated` datetime(6) NOT NULL,
  `author_id` int(11) NOT NULL,
  PRIMARY KEY (`id`),
  KEY `datas_background_author_id_ef240550_fk_auth_user_id` (`author_id`),
  KEY `datas_background_f750a205` (`page_slug`),
  CONSTRAINT `datas_background_author_id_ef240550_fk_auth_user_id` FOREIGN KEY (`author_id`) REFERENCES `auth_user` (`id`)
) ENGINE=InnoDB AUTO_INCREMENT=14 DEFAULT CHARSET=utf8;
/*!40101 SET character_set_client = @saved_cs_client */;

--
-- Dumping data for table `datas_background`
--

LOCK TABLES `datas_background` WRITE;
/*!40000 ALTER TABLE `datas_background` DISABLE KEYS */;
INSERT INTO `datas_background` VALUES (3,'Нүүр хуудас','homepage','2017-01-19 02:23:12.253127',1),(4,'Танилцуулга','introduction','2017-01-19 02:24:29.486520',1),(5,'Мэдээ мэдээлэл','news','2017-01-19 02:25:53.250146',1),(6,'Ажлын байр','jobs','2017-01-19 03:16:07.185924',1),(8,'Хууль, дүрэм журам','legal','2017-01-19 03:31:32.485895',1),(9,'Үнэ тариф','price','2017-01-19 03:56:43.096285',1),(10,'Холбоо барих','contact','2017-01-19 04:00:29.405803',1),(11,'Түгээмэл асуулт, хариулт','quiz','2017-01-19 04:03:01.048415',1),(12,'Нэвтрэх хуудас','login','2017-01-19 04:03:01.048415',1),(13,'Сайтны бүтэц','site_map','2017-01-19 04:03:01.048415',1);
/*!40000 ALTER TABLE `datas_background` ENABLE KEYS */;
UNLOCK TABLES;

--
-- Table structure for table `datas_contact`
--

DROP TABLE IF EXISTS `datas_contact`;
/*!40101 SET @saved_cs_client     = @@character_set_client */;
/*!40101 SET character_set_client = utf8 */;
CREATE TABLE `datas_contact` (
  `id` int(11) NOT NULL AUTO_INCREMENT,
  `telephone` varchar(45) NOT NULL,
  `fax` varchar(45) DEFAULT NULL,
  `email` varchar(250) NOT NULL,
  `website` varchar(100) NOT NULL,
  `address` longtext NOT NULL,
  `location` longtext NOT NULL,
  `author_id` int(11) NOT NULL,
  `updated` datetime(6) NOT NULL,
  PRIMARY KEY (`id`)
) ENGINE=InnoDB AUTO_INCREMENT=2 DEFAULT CHARSET=utf8;
/*!40101 SET character_set_client = @saved_cs_client */;

--
-- Dumping data for table `datas_contact`
--

LOCK TABLES `datas_contact` WRITE;
/*!40000 ALTER TABLE `datas_contact` DISABLE KEYS */;
INSERT INTO `datas_contact` VALUES (1,'+(976) 77226363','+(976) 77226030','info@mcs.mn, hr_mcsi@mcs.mn','http://www.international.mcs.mn','М-Си-Эс Анун Төв, Хан-Уул дүүрэг, Улаанбаатар хот, Монгол улс.','https://www.google.com/maps/embed?pb=!1m14!1m12!1m3!1d15126.201792928186!2d106.92234208195453!3d47.91781209149555!2m3!1f0!2f0!3f0!3m2!1i1024!2i768!4f13.1!5e0!3m2!1sen!2smn!4v1476409555984',1,'2017-01-19 02:24:29.486520');
/*!40000 ALTER TABLE `datas_contact` ENABLE KEYS */;
UNLOCK TABLES;

--
-- Table structure for table `datas_feedback`
--

DROP TABLE IF EXISTS `datas_feedback`;
/*!40101 SET @saved_cs_client     = @@character_set_client */;
/*!40101 SET character_set_client = utf8 */;
CREATE TABLE `datas_feedback` (
  `id` int(11) NOT NULL AUTO_INCREMENT,
  `title` varchar(100) NOT NULL,
  `message` longtext NOT NULL,
  `date` datetime(6) NOT NULL,
  `user_id` int(11) NOT NULL,
  PRIMARY KEY (`id`),
  KEY `datas_feedback_user_id_8d8eca98_fk_auth_user_id` (`user_id`),
  CONSTRAINT `datas_feedback_user_id_8d8eca98_fk_auth_user_id` FOREIGN KEY (`user_id`) REFERENCES `auth_user` (`id`)
) ENGINE=InnoDB DEFAULT CHARSET=utf8mb4;
/*!40101 SET character_set_client = @saved_cs_client */;

--
-- Dumping data for table `datas_feedback`
--

LOCK TABLES `datas_feedback` WRITE;
/*!40000 ALTER TABLE `datas_feedback` DISABLE KEYS */;
/*!40000 ALTER TABLE `datas_feedback` ENABLE KEYS */;
UNLOCK TABLES;

--
-- Table structure for table `datas_homebanner`
--

DROP TABLE IF EXISTS `datas_homebanner`;
/*!40101 SET @saved_cs_client     = @@character_set_client */;
/*!40101 SET character_set_client = utf8 */;
CREATE TABLE `datas_homebanner` (
  `id` int(11) NOT NULL AUTO_INCREMENT,
  `created` datetime(6) NOT NULL,
  `updated` datetime(6) NOT NULL,
  `title` varchar(250) NOT NULL,
  `link` varchar(510) NOT NULL,
  `picture` varchar(100) DEFAULT NULL,
  `author_id` int(11) DEFAULT NULL,
  PRIMARY KEY (`id`),
  KEY `datas_homebanner_author_id_04c6aa69_fk_auth_user_id` (`author_id`),
  CONSTRAINT `datas_homebanner_author_id_04c6aa69_fk_auth_user_id` FOREIGN KEY (`author_id`) REFERENCES `auth_user` (`id`)
) ENGINE=InnoDB AUTO_INCREMENT=2 DEFAULT CHARSET=utf8mb4;
/*!40101 SET character_set_client = @saved_cs_client */;

--
-- Dumping data for table `datas_homebanner`
--

LOCK TABLES `datas_homebanner` WRITE;
/*!40000 ALTER TABLE `datas_homebanner` DISABLE KEYS */;
INSERT INTO `datas_homebanner` VALUES (1,'2017-05-19 06:33:49.805609','2017-05-19 06:33:49.805609','Танилцуулга','/introduction/1','1_814lnyW.jpg',1);
/*!40000 ALTER TABLE `datas_homebanner` ENABLE KEYS */;
UNLOCK TABLES;

--
-- Table structure for table `datas_introduction`
--

DROP TABLE IF EXISTS `datas_introduction`;
/*!40101 SET @saved_cs_client     = @@character_set_client */;
/*!40101 SET character_set_client = utf8 */;
CREATE TABLE `datas_introduction` (
  `id` int(11) NOT NULL AUTO_INCREMENT,
  `created` datetime(6) NOT NULL,
  `updated` datetime(6) NOT NULL,
  `title` varchar(250) NOT NULL,
  `picture` varchar(100) DEFAULT NULL,
  `text` longtext NOT NULL,
  `count` int(11) NOT NULL,
  `author_id` int(11) DEFAULT NULL,
  PRIMARY KEY (`id`),
  KEY `datas_introduction_author_id_b5dbb33b_fk_auth_user_id` (`author_id`),
  CONSTRAINT `datas_introduction_author_id_b5dbb33b_fk_auth_user_id` FOREIGN KEY (`author_id`) REFERENCES `auth_user` (`id`)
) ENGINE=InnoDB AUTO_INCREMENT=3 DEFAULT CHARSET=utf8mb4;
/*!40101 SET character_set_client = @saved_cs_client */;

--
-- Dumping data for table `datas_introduction`
--

LOCK TABLES `datas_introduction` WRITE;
/*!40000 ALTER TABLE `datas_introduction` DISABLE KEYS */;
INSERT INTO `datas_introduction` VALUES (1,'2017-01-19 02:24:29.486520','2017-05-19 06:21:45.699279','Танилцуулга','4.jpg','<p style=\"text-align: justify;\">Ухаалаг эрчим ХХК нь 2004 оны 4-р сарын 1-нээс цахилгаан эрчим хүчний түгээлт борлуулалтын &ldquo;Цахилгаан Түгээх Сүлжээ&rdquo; хэлтэс, &ldquo; Эрчим Технологийн Төв&rdquo; цахилгааны электрон тоолуурын хяналт шалгалт, баталгаажуулалт, засвар үйлчилгээний &ldquo;Тоолуур хэмжүүрийн Хэлтэс&rdquo; нэгжүүдтэйгээр үйл ажиллагаагаа эхэлсэн.</p>\r\n<p style=\"text-align: justify;\"><strong>Үйл ажиллагааны үндсэн чиглэл :&nbsp;</strong><br /><span>1. Эрчим хүчний чиглэлийн төсөл хэрэгжүүлэх, зөвлөгөө өгөх,</span><br /><span>2. Цахилгаан эрчим хүчний худалдаа борлуулалт, үйлчилгээ</span><br /><span>3. Үйлдвэрлэл угсралтын үйл ажиллагаа, ЭВА төв</span></p>\r\n<p style=\"text-align: justify;\"><br /><strong>Үйл ажиллагааны тусгай зөвшөөрлүүд :&nbsp;</strong><br /><span>1. Цахилгаан түгээх&nbsp;</span><br /><span>2. Цахилгаанаар зохицуулалттай хангах</span><br /><span>3. 0.4-220 кВ-ын ЦДШ, дэд станцын засвар угсралтын ажил,&nbsp;</span><br /><span>туршилт тохируулгын ажил үйлчилгээ, бусад дагалдах ажил үйлчилгээ</span><br /><br /><strong>Цахилгаан эрчим хүч түгээх, хангах үйл ажиллагааны хүрээнд :</strong><br /><span>Ухаалаг эрчим ХХК нь Улаанбаатар хот, Сэлэнгэ аймгийн Мандал сумын Зүүнхараа хотын хэсэгт нийт 2433 орчим айл өрх, аж ахуйн нэгж байгууллагуудад цахилгаан эрчим хүчийг борлуулж тусгай зөвшөөрлийн хүрээнд түгээлт, хангалтын үйл ажиллагааг явуулж байна.</span><br /><br /><span>Жилд дундажаар 58 сая кВтц цахилгаан эрчим хүчийг түгээн борлуулдаг. Бид эрчим хүчний борлуулалтын ажлыг оновчтой хөнгөн шуурхай болгох, хэрэглэгчдийн цахилгаан эрчим хүчний найдвартай хангамжийн асуудал, үйлчилгээ болон төлбөр тооцооны системийг боловсронгуй болгох багц асуудлуудад гол анхаарлаа хандуулж, орчин үеийн шинэ дэвшилтэт техник технологиийг үйлдвэрлэлд нэвтрүүлэх чиглэлээр зорилт тавин ажиллаж байна.</span></p>',23,1),(2,'2017-01-19 02:24:29.486520','2017-05-19 06:22:36.032750','Ажлын байр','6.jpg','<p style=\"text-align: justify;\">Энэ хуудсаар М-Си-Эс Интернэйшнл ХХК-д ажилд орох хүсэлт гаргах алхамууд, шинэ ажлын байрны зарууд, ажилтан сонгон шалгаруулах процесстэй танилцуулах зорилго агуулсан билээ.</p>\r\n<p><span>М-Си-Эс Групп нь ажилтанг сонгон шалгаруулахдаа НЭЭЛТТЭЙ бодлого баримталдаг бөгөөд ямагт шинийг эрэлхийлэгч, багаар ажиллах чадвартай, байгууллагын соёлд дасан зохицох чадвар бүхий хэн бүхэнд ажил олгохдоо бид таатай байдаг.&nbsp;</span><br /><br /><strong>Ажилтан сонгон шалгаруулах үе шат :</strong><br /><br /><strong>I үе шат :</strong><span>&nbsp;Анкет бөглөх</span><br /><strong>II үе шат :</strong><span>&nbsp;Асуудал шийдвэрлэх чадварын тест авах. Тухайн ажлын байранд тавигдах шаардлагуудыг хангасан ажил горилогчдоос тестийн шалгалтыг заавал авна</span><br /><strong>III үе шат :</strong><span>&nbsp;Эхний шатны ярилцлага. Тестийн шалгалтанд тэнцсэн болон сонирхол татахуйц ажил горилогчдыг ярилцлаганд урина</span><br /><strong>IV үе шат :</strong><span>&nbsp;Дэлгэрэнгүй (мэргэжлийн) ярилцлага. Эхний ярилцлаганд тэнцсэн ажил горилогчдоос мэргэжлийн ур чадварын болон бусад ур чадваруудыг нь шалгана. (ярилцлага, нэмэлт даалгавар)</span><br /><strong>V үе шат :</strong><span>&nbsp;Эцсийн шийдвэр гаргах үе шатууд багтана</span></p>',12,1);
/*!40000 ALTER TABLE `datas_introduction` ENABLE KEYS */;
UNLOCK TABLES;

--
-- Table structure for table `datas_legal`
--

DROP TABLE IF EXISTS `datas_legal`;
/*!40101 SET @saved_cs_client     = @@character_set_client */;
/*!40101 SET character_set_client = utf8 */;
CREATE TABLE `datas_legal` (
  `id` int(11) NOT NULL AUTO_INCREMENT,
  `legal_title` varchar(500) NOT NULL,
  `slug` varchar(500) NOT NULL,
  `legal_url` longtext NOT NULL,
  `legal_date` date NOT NULL,
  `created` datetime(6) NOT NULL,
  `updated` datetime(6) NOT NULL,
  `author_id` int(11) NOT NULL,
  `legal_type_id` int(11) NOT NULL,
  PRIMARY KEY (`id`),
  KEY `datas_legal_author_id_50a824e4_fk_auth_user_id` (`author_id`),
  KEY `datas_legal_2dbcba41` (`slug`),
  KEY `datas_legal_991bce87` (`legal_type_id`),
  CONSTRAINT `datas_legal_author_id_50a824e4_fk_auth_user_id` FOREIGN KEY (`author_id`) REFERENCES `auth_user` (`id`),
  CONSTRAINT `datas_legal_legal_type_id_8297d3e3_fk_datas_legaltype_id` FOREIGN KEY (`legal_type_id`) REFERENCES `datas_legaltype` (`id`)
) ENGINE=InnoDB AUTO_INCREMENT=8 DEFAULT CHARSET=utf8;
/*!40101 SET character_set_client = @saved_cs_client */;

--
-- Dumping data for table `datas_legal`
--

LOCK TABLES `datas_legal` WRITE;
/*!40000 ALTER TABLE `datas_legal` DISABLE KEYS */;
INSERT INTO `datas_legal` VALUES (1,'Эрчим хүчний тухай хууль','erchim-hchnij-tuhaj-huul','http://www.legalinfo.mn/law/details/60','2001-02-01','2017-01-13 07:02:57.853511','2017-01-13 07:02:57.853511',1,1),(2,'Компанийн тухай хууль','kompanijn-tuhaj-huul','http://www.legalinfo.mn/law/details/310','2011-10-06','2017-01-13 07:03:23.284664','2017-01-13 07:03:23.284664',1,1),(3,'Хөдөлмөрийн тухай хууль','hdlmrijn-tuhaj-huul','http://www.legalinfo.mn/law/details/565','1999-05-14','2017-01-13 07:03:58.447852','2017-01-13 07:03:58.448851',1,1),(4,'Эрчим хүчний сүлжээг хамгаалах дүрэм','erchim-hchnij-slzheeg-hamgaalah-drem','http://www.legalinfo.mn/annex/details/959?lawid=2277','2001-12-05','2017-01-13 07:04:48.594974','2017-01-13 07:04:48.594974',1,2),(5,'Барилгын ажлыг эхлүүлэх, үргэлжлүүлэх, ашиглалтад оруулах дүрэм','barilgyn-azhlyg-ehlleh-rgelzhlleh-ashiglaltad-oruulah-drem','http://www.legalinfo.mn/annex/details/5692?lawid=8877','2012-12-01','2017-01-13 07:05:27.214164','2017-01-13 07:05:27.214164',1,2),(6,'1-35кВ Тулгуурын хаяг бичлэг','1-35kv-tulguuryn-hayag-bichleg','http://www.ubedn.mn/Documents/1-35%D0%BA%D0%92%20%D1%82%D1%83%D0%BB%D0%B3%D1%83%D1%83%D1%80%D1%8B%D0%BD%20%D1%85%D0%B0%D1%8F%D0%B3%20%D0%B1%D0%B8%D1%87%D0%BB%D1%8D%D0%B3.pdf','2017-01-13','2017-01-13 07:06:13.555083','2017-01-13 07:06:13.555083',1,3),(7,'6-35кВ хүртэлх ангиллын хүчдэлтэй хүчний бууруулах трансформатор','6-35kv-hrtelh-angillyn-hchdeltej-hchnij-buuruulah-transformator','http://www.ubedn.mn/Documents/6-35%D0%BA%D0%92%20%D1%85%D2%AF%D1%80%D1%82%D1%8D%D0%BB%D1%85%20%D0%B0%D0%BD%D0%B3%D0%B8%D0%BB%D0%B0%D0%BB%D1%8B%D0%BD%20%D1%85%D2%AF%D1%87%D0%B4%D1%8D%D0%BB%D1%82%D1%8D%D0%B9%20%D1%85%D2%AF%D1%87%D0%BD%D0%B8%D0%B9%20%D0%B1%D1%83%D1%83%D1%80%D1%83%D1%83%D0%BB%D0%B0%D1%85%20%D1%82%D1%80%D0%B0%D0%BD%D1%81%D1%84%D0%BE%D1%80%D0%BC%D0%B0%D1%82%D0%BE%D1%80.pdf','2017-01-13','2017-01-13 07:06:33.256283','2017-01-13 07:06:33.256283',1,3);
/*!40000 ALTER TABLE `datas_legal` ENABLE KEYS */;
UNLOCK TABLES;

--
-- Table structure for table `datas_legaltype`
--

DROP TABLE IF EXISTS `datas_legaltype`;
/*!40101 SET @saved_cs_client     = @@character_set_client */;
/*!40101 SET character_set_client = utf8 */;
CREATE TABLE `datas_legaltype` (
  `id` int(11) NOT NULL AUTO_INCREMENT,
  `legal_type` varchar(10) NOT NULL,
  `legal_name` varchar(100) NOT NULL,
  `table_name` varchar(200) NOT NULL,
  `author_id` int(11) NOT NULL,
  `created` datetime(6) NOT NULL,
  `updated` datetime(6) NOT NULL,
  PRIMARY KEY (`id`)
) ENGINE=InnoDB AUTO_INCREMENT=4 DEFAULT CHARSET=utf8;
/*!40101 SET character_set_client = @saved_cs_client */;

--
-- Dumping data for table `datas_legaltype`
--

LOCK TABLES `datas_legaltype` WRITE;
/*!40000 ALTER TABLE `datas_legaltype` DISABLE KEYS */;
INSERT INTO `datas_legaltype` VALUES (1,'regal','Хууль','Эрхийн актын нэр',1,'2017-01-19 02:24:29.486520','2017-01-19 02:24:29.486520'),(2,'regulation','Дүрэм журам','Дүрэм журмын нэр',1,'2017-01-19 02:24:29.486520','2017-01-19 02:24:29.486520'),(3,'document','Бичиг баримт','Бичиг, баримтын нэр',1,'2017-01-19 02:24:29.486520','2017-01-19 02:24:29.486520');
/*!40000 ALTER TABLE `datas_legaltype` ENABLE KEYS */;
UNLOCK TABLES;

--
-- Table structure for table `datas_message`
--

DROP TABLE IF EXISTS `datas_message`;
/*!40101 SET @saved_cs_client     = @@character_set_client */;
/*!40101 SET character_set_client = utf8 */;
CREATE TABLE `datas_message` (
  `id` int(11) NOT NULL AUTO_INCREMENT,
  `name` varchar(50) NOT NULL,
  `email` varchar(100) NOT NULL,
  `title` varchar(150) NOT NULL,
  `message` longtext NOT NULL,
  `date` datetime(6) NOT NULL,
  PRIMARY KEY (`id`)
) ENGINE=InnoDB AUTO_INCREMENT=3 DEFAULT CHARSET=utf8mb4;
/*!40101 SET character_set_client = @saved_cs_client */;

--
-- Dumping data for table `datas_message`
--

LOCK TABLES `datas_message` WRITE;
/*!40000 ALTER TABLE `datas_message` DISABLE KEYS */;
INSERT INTO `datas_message` VALUES (1,'Erdenesuren','n_erka_2007@yahoo.com','Gomdol','Sain bain auu?','2017-02-20 10:05:45.210112'),(2,'Erdenesuren','n_erka_2007@yahoo.com','Gomdol','Sain bain auu?','2017-02-20 10:24:07.399170');
/*!40000 ALTER TABLE `datas_message` ENABLE KEYS */;
UNLOCK TABLES;

--
-- Table structure for table `datas_pictures`
--

DROP TABLE IF EXISTS `datas_pictures`;
/*!40101 SET @saved_cs_client     = @@character_set_client */;
/*!40101 SET character_set_client = utf8 */;
CREATE TABLE `datas_pictures` (
  `id` int(11) NOT NULL AUTO_INCREMENT,
  `picture` varchar(100) NOT NULL,
  `page_id` int(11) NOT NULL,
  `author_id` int(11) NOT NULL,
  `created` datetime DEFAULT NULL,
  `updated` datetime DEFAULT NULL,
  PRIMARY KEY (`id`),
  KEY `datas_pictures_page_id_id_451219b1_fk_datas_background_id` (`page_id`),
  CONSTRAINT `datas_pictures_page_id_id_451219b1_fk_datas_background_id` FOREIGN KEY (`page_id`) REFERENCES `datas_background` (`id`)
) ENGINE=InnoDB AUTO_INCREMENT=19 DEFAULT CHARSET=utf8;
/*!40101 SET character_set_client = @saved_cs_client */;

--
-- Dumping data for table `datas_pictures`
--

LOCK TABLES `datas_pictures` WRITE;
/*!40000 ALTER TABLE `datas_pictures` DISABLE KEYS */;
INSERT INTO `datas_pictures` VALUES (5,'bg1.jpg',3,1,'2017-01-19 02:24:29','2017-01-19 02:24:29'),(7,'bg2.jpg',3,1,'2017-01-19 02:24:29','2017-01-19 02:24:29'),(9,'bg3.jpg',4,1,'2017-01-19 02:24:29','2017-01-19 02:24:29'),(10,'bg4.jpg',5,1,'2017-01-19 02:24:29','2017-01-19 02:24:29'),(11,'bg5.jpg',6,1,'2017-01-19 02:24:29','2017-01-19 02:24:29'),(12,'bg1.jpg',8,1,'2017-01-19 02:24:29','2017-01-19 02:24:29'),(13,'bg2.jpg',9,1,'2017-01-19 02:24:29','2017-01-19 02:24:29'),(14,'bg3.jpg',10,1,'2017-01-19 02:24:29','2017-01-19 02:24:29'),(15,'bg4.jpg',11,1,'2017-01-19 02:24:29','2017-01-19 02:24:29'),(16,'bg5.jpg',11,1,'2017-01-19 02:24:29','2017-01-19 02:24:29'),(17,'bg3.jpg',12,1,'2017-01-19 02:24:29','2017-01-19 02:24:29'),(18,'bg3.jpg',13,1,'2017-01-19 02:24:29','2017-01-19 02:24:29');
/*!40000 ALTER TABLE `datas_pictures` ENABLE KEYS */;
UNLOCK TABLES;

--
-- Table structure for table `datas_post`
--

DROP TABLE IF EXISTS `datas_post`;
/*!40101 SET @saved_cs_client     = @@character_set_client */;
/*!40101 SET character_set_client = utf8 */;
CREATE TABLE `datas_post` (
  `id` int(11) NOT NULL AUTO_INCREMENT,
  `title` varchar(250) NOT NULL,
  `slug` varchar(250) NOT NULL,
  `created` datetime(6) NOT NULL,
  `updated` datetime(6) NOT NULL,
  `thumb` varchar(100) DEFAULT NULL,
  `status` varchar(10) NOT NULL,
  `body_info` longtext,
  `body_full` longtext NOT NULL,
  `count` int(11) NOT NULL,
  `author_id` int(11) NOT NULL,
  PRIMARY KEY (`id`),
  KEY `datas_post_author_id_5b5ed90d_fk_auth_user_id` (`author_id`),
  KEY `datas_post_2dbcba41` (`slug`),
  CONSTRAINT `datas_post_author_id_5b5ed90d_fk_auth_user_id` FOREIGN KEY (`author_id`) REFERENCES `auth_user` (`id`)
) ENGINE=InnoDB AUTO_INCREMENT=17 DEFAULT CHARSET=utf8;
/*!40101 SET character_set_client = @saved_cs_client */;

--
-- Dumping data for table `datas_post`
--

LOCK TABLES `datas_post` WRITE;
/*!40000 ALTER TABLE `datas_post` DISABLE KEYS */;
INSERT INTO `datas_post` VALUES (1,'Танилцуулга','tanilcuulga','2017-01-13 06:36:18.141132','2017-01-13 08:22:04.204666','','draft','Ухаалаг эрчим ХХК нь 2004 оны 4-р сарын 1-нээс цахилгаан эрчим хүчний түгээлт борлуулалтын “Цахилгаан Түгээх Сүлжээ” хэлтэс, “ Эрчим Технологийн Төв” цахилгааны электрон тоолуурын хяналт шалгалт, баталгаажуулалт, засвар үйлчилгээний “Тоолуур хэмжүүрийн Хэлтэс” нэгжүүдтэйгээр үйл ажиллагаагаа эхэлсэн.','<p style=\"text-align: justify;\"><strong>Үйл ажиллагааны үндсэн чиглэл :&nbsp;</strong><br /><span>1. Эрчим хүчний чиглэлийн төсөл хэрэгжүүлэх, зөвлөгөө өгөх,</span><br /><span>2. Цахилгаан эрчим хүчний худалдаа борлуулалт, үйлчилгээ</span><br /><span>3. Үйлдвэрлэл угсралтын үйл ажиллагаа, ЭВА төв</span></p>\r\n<p style=\"text-align: justify;\"><br /><strong>Үйл ажиллагааны тусгай зөвшөөрлүүд :&nbsp;</strong><br /><span>1. Цахилгаан түгээх&nbsp;</span><br /><span>2. Цахилгаанаар зохицуулалттай хангах</span><br /><span>3. 0.4-220 кВ-ын ЦДШ, дэд станцын засвар угсралтын ажил,&nbsp;</span><br /><span>туршилт тохируулгын ажил үйлчилгээ, бусад дагалдах ажил үйлчилгээ</span><br /><br /><strong>Цахилгаан эрчим хүч түгээх, хангах үйл ажиллагааны хүрээнд :</strong><br /><span>Ухаалаг эрчим ХХК нь Улаанбаатар хот, Сэлэнгэ аймгийн Мандал сумын Зүүнхараа хотын хэсэгт нийт 2433 орчим айл өрх, аж ахуйн нэгж байгууллагуудад цахилгаан эрчим хүчийг борлуулж тусгай зөвшөөрлийн хүрээнд түгээлт, хангалтын үйл ажиллагааг явуулж байна.</span><br /><br /><span>Жилд дундажаар 58 сая кВтц цахилгаан эрчим хүчийг түгээн борлуулдаг. Бид эрчим хүчний борлуулалтын ажлыг оновчтой хөнгөн шуурхай болгох, хэрэглэгчдийн цахилгаан эрчим хүчний найдвартай хангамжийн асуудал, үйлчилгээ болон төлбөр тооцооны системийг боловсронгуй болгох багц асуудлуудад гол анхаарлаа хандуулж, орчин үеийн шинэ дэвшилтэт техник технологиийг үйлдвэрлэлд нэвтрүүлэх чиглэлээр зорилт тавин ажиллаж байна.</span></p>',196,1),(2,'Ажлын байр','azhlyn-bajr','2017-01-13 06:37:47.638514','2017-01-13 08:23:01.873505','','draft','Энэ хуудсаар М-Си-Эс Интернэйшнл ХХК-д ажилд орох хүсэлт гаргах алхамууд, шинэ ажлын байрны зарууд, ажилтан сонгон шалгаруулах процесстэй танилцуулах зорилго агуулсан билээ.','<p><span>М-Си-Эс Групп нь ажилтанг сонгон шалгаруулахдаа НЭЭЛТТЭЙ бодлого баримталдаг бөгөөд ямагт шинийг эрэлхийлэгч, багаар ажиллах чадвартай, байгууллагын соёлд дасан зохицох чадвар бүхий хэн бүхэнд ажил олгохдоо бид таатай байдаг.&nbsp;</span><br /><br /><strong>Ажилтан сонгон шалгаруулах үе шат :</strong><br /><br /><strong>I үе шат :</strong><span>&nbsp;Анкет бөглөх</span><br /><strong>II үе шат :</strong><span>&nbsp;Асуудал шийдвэрлэх чадварын тест авах. Тухайн ажлын байранд тавигдах шаардлагуудыг хангасан ажил горилогчдоос тестийн шалгалтыг заавал авна</span><br /><strong>III үе шат :</strong><span>&nbsp;Эхний шатны ярилцлага. Тестийн шалгалтанд тэнцсэн болон сонирхол татахуйц ажил горилогчдыг ярилцлаганд урина</span><br /><strong>IV үе шат :</strong><span>&nbsp;Дэлгэрэнгүй (мэргэжлийн) ярилцлага. Эхний ярилцлаганд тэнцсэн ажил горилогчдоос мэргэжлийн ур чадварын болон бусад ур чадваруудыг нь шалгана. (ярилцлага, нэмэлт даалгавар)</span><br /><strong>V үе шат :</strong><span>&nbsp;Эцсийн шийдвэр гаргах үе шатууд багтана</span></p>',119,1),(3,'ЦЭХ-ний үнэ тариф','tsex-nii-une-tarif','2017-01-13 06:46:41.248485','2017-01-13 09:06:38.519986','','draft','','<div class=\"table_info text-center\">\r\n<h4>ҮЙЛДВЭР, АЖ АХУЙН НЭГЖ БОЛОН БУСАД БАЙГУУЛЛАГАД БОРЛУУЛАХ ЦАХИЛГААНЫ ТАРИФ</h4>\r\n<h5>Үйлдвэр, аж ахуйн нэгж болон бусад байгууллагад борлуулах цахилгааны тарифыг (НӨАТ-гүй) ангиллаас нь хамааруулан төлбөр тооцох үзүүлэлтийн нэгжид дараах хязгаарт багтаан тогтооно.</h5>\r\n</div>\r\n<table class=\"table table-bordered table-striped\">\r\n<thead>\r\n<tr>\r\n<td class=\"text-center\" width=\"60\">№</td>\r\n<td>Ангилал</td>\r\n<td width=\"120\">Хэмжих нэгж</td>\r\n<td width=\"120\">Тариф</td>\r\n</tr>\r\n</thead>\r\n<tbody>\r\n<tr>\r\n<td class=\"text-center\">1</td>\r\n<td colspan=\"3\"><strong>Уул уурхайн олборлох, боловсруулах аж үйлдвэр</strong></td>\r\n</tr>\r\n<tr>\r\n<td class=\"text-center\">&nbsp;</td>\r\n<td colspan=\"3\">Үүнд: Нүүрс олборлолт, боловсруулалт<br /> Газрын тос, шатдаг хий олборлолт, боловсруулалт<br /> Төмрийн хүдэр олборлолт, боловсруулалт<br /> Бусад ашигт малтмал олборлолт, боловсруулалт</td>\r\n</tr>\r\n<tr>\r\n<td class=\"text-center\">1.1</td>\r\n<td>Энгийн тоолууртай</td>\r\n<td>Төг/кВт.ц</td>\r\n<td><strong>155.90</strong></td>\r\n</tr>\r\n<tr>\r\n<td class=\"text-center\">1.2</td>\r\n<td colspan=\"3\">3 тарифт тоолууртай</td>\r\n</tr>\r\n<tr>\r\n<td class=\"text-right\">a</td>\r\n<td>Өдрийн хэрэглээ /өглөөний 06.00 цагаас оройн 17.00 цаг хүртэл/</td>\r\n<td>Төг/кВт.ц</td>\r\n<td><strong>155.90</strong></td>\r\n</tr>\r\n<tr>\r\n<td class=\"text-right\">б</td>\r\n<td>Оройн хэрэглээ /оройн 17.00 цагаас шөнийн 22.00 цаг хүртэл/</td>\r\n<td>Төг/кВт.ц</td>\r\n<td><strong>276.00</strong></td>\r\n</tr>\r\n<tr>\r\n<td class=\"text-right\">в</td>\r\n<td>Шөнийн хэрэглээ /шөнийн 22.00 цагаас өглөөний 06.00 цаг хүртэл/</td>\r\n<td>Төг/кВт.ц</td>\r\n<td><strong>77.10</strong></td>\r\n</tr>\r\n<tr>\r\n<td class=\"text-center\">2</td>\r\n<td colspan=\"3\"><strong>Бусад үйлдвэр, аж ахуйн нэгж, байгууллага</strong></td>\r\n</tr>\r\n<tr>\r\n<td class=\"text-right\">2.1</td>\r\n<td>Энгийн тоолууртай</td>\r\n<td>Төг/кВт.ц</td>\r\n<td><strong>77.10</strong></td>\r\n</tr>\r\n<tr>\r\n<td class=\"text-center\">2.2</td>\r\n<td colspan=\"3\">3 тарифт тоолууртай</td>\r\n</tr>\r\n<tr>\r\n<td class=\"text-right\">a</td>\r\n<td>Өдрийн хэрэглээ /өглөөний 06.00 цагаас оройн 17.00 цаг хүртэл/</td>\r\n<td>Төг/кВт.ц</td>\r\n<td><strong>128.50</strong></td>\r\n</tr>\r\n<tr>\r\n<td class=\"text-right\">б</td>\r\n<td>Оройн хэрэглээ /оройн 17.00 цагаас шөнийн 22.00 цаг хүртэл/</td>\r\n<td>Төг/кВт.ц</td>\r\n<td><strong>209.80</strong></td>\r\n</tr>\r\n<tr>\r\n<td class=\"text-right\">в</td>\r\n<td>Шөнийн хэрэглээ /шөнийн 22.00 цагаас өглөөний 06.00 цаг хүртэл/</td>\r\n<td>Төг/кВт.ц</td>\r\n<td><strong>77.10</strong></td>\r\n</tr>\r\n<tr>\r\n<td class=\"text-right\">2.3</td>\r\n<td>&ldquo;Цахилгаан тээвэр&rdquo; ХК</td>\r\n<td>Төг/кВт.ц</td>\r\n<td><strong>77.10</strong></td>\r\n</tr>\r\n<tr>\r\n<td class=\"text-center\">3</td>\r\n<td colspan=\"3\"><strong>Улаанбаатар хот, аймгийн төвийн нийтийн зориулалттай зам талбайн гэрэлтүүлэг болон нийтийн зориулалттай орон сууцны орцны гэрэлтүүлэг</strong></td>\r\n</tr>\r\n<tr>\r\n<td class=\"text-center\">3.1</td>\r\n<td colspan=\"3\">10, 11, 12, 1, 2 ,3 дугаар саруудад</td>\r\n</tr>\r\n<tr>\r\n<td class=\"text-right\">a</td>\r\n<td>Өдрийн хэрэглээ /өглөөний 06.00 цагаас оройн 17.00 цаг хүртэл/</td>\r\n<td>Төг/кВт.ц</td>\r\n<td><strong>128.50</strong></td>\r\n</tr>\r\n<tr>\r\n<td class=\"text-right\">б</td>\r\n<td>Орой, шөнийн хэрэглээ /оройн 19.00 цагаас өглөөний 06.00 цаг хүртэл/</td>\r\n<td>Төг/кВт.ц</td>\r\n<td><strong>209.80</strong></td>\r\n</tr>\r\n</tbody>\r\n</table>\r\n<p><br /><br /></p>\r\n<div class=\"table_info text-center\">\r\n<h4>АЙЛ ӨРХӨД БОРЛУУЛАХ ЦАХИЛГААНЫ ТАРИФ</h4>\r\n<h5>Айл өрхөд борлуулах цахилгааны тарифыг (НӨАТ-гүй) ангиллаас нь хамааруулан төлбөр тооцох үзүүлэлтийн нэгжид дараах хязгаарт багтаан тогтооно:</h5>\r\n</div>\r\n<table class=\"table table-bordered table-striped\">\r\n<thead>\r\n<tr>\r\n<td class=\"text-center\" width=\"60\">№</td>\r\n<td>Хэрэглэгчдийн ангилал</td>\r\n<td width=\"120\">Хэмжих нэгж</td>\r\n<td width=\"120\">Тариф /НӨАТ-гүй/</td>\r\n</tr>\r\n</thead>\r\n<tbody>\r\n<tr>\r\n<td class=\"text-center\">1</td>\r\n<td colspan=\"3\"><strong>Энгийн тоолууртай</strong></td>\r\n</tr>\r\n<tr>\r\n<td class=\"text-center\">&nbsp;</td>\r\n<td colspan=\"3\">Үүнд: Нүүрс олборлолт, боловсруулалт<br /> Газрын тос, шатдаг хий олборлолт, боловсруулалт<br /> Төмрийн хүдэр олборлолт, боловсруулалт<br /> Бусад ашигт малтмал олборлолт, боловсруулалт</td>\r\n</tr>\r\n<tr>\r\n<td class=\"text-right\">a</td>\r\n<td>Сарын нийт хэрэглээний 150 кВт.ц хүртэлх хэрэглээг</td>\r\n<td>Төг/кВт.ц</td>\r\n<td><strong>98.40</strong></td>\r\n</tr>\r\n<tr>\r\n<td class=\"text-right\">б</td>\r\n<td>Сарын нийт хэрэглээний 151 кВт.ц болон түүнээс дээшхи хэрэглээг</td>\r\n<td>Төг/кВт.ц</td>\r\n<td><strong>118.20</strong></td>\r\n</tr>\r\n<tr>\r\n<td class=\"text-center\">2</td>\r\n<td colspan=\"3\"><strong>2 тарифт тоолууртай</strong></td>\r\n</tr>\r\n<tr>\r\n<td class=\"text-right\">a</td>\r\n<td>Өдрийн хэрэглээ /өглеөний 06.00 цагаас шөнийн 21.00 цаг хүртэл/</td>\r\n<td>Төг/кВт.ц</td>\r\n<td><strong>104.30</strong></td>\r\n</tr>\r\n<tr>\r\n<td class=\"text-right\">б</td>\r\n<td>Орой, шөнийн хэрэглээ /оройн 21.00 цагаас өглөөний 06 00 цаг хүртэл/</td>\r\n<td>Төг/кВт.ц</td>\r\n<td><strong>77.10</strong></td>\r\n</tr>\r\n<tr>\r\n<td class=\"text-center\">3</td>\r\n<td><strong>Сарын суурь тариф</strong></td>\r\n<td>Төг/сар</td>\r\n<td><strong> 2000.00</strong></td>\r\n</tr>\r\n</tbody>\r\n</table>\r\n<p><br /><br /></p>\r\n<div class=\"table_info text-center\">\r\n<h4>АХУЙН ТООЛУУРГҮЙ ЦАХИЛГААН ХЭРЭГЛЭЧДИЙН ТӨЛБӨР ТООЦОХ САРЫН ДУНДАЖ ХЭРЭГЛЭЭ</h4>\r\n<h5>Ахуйн тоолуургүй цахилгаан хэрэглэгчдийн төлбөр тооцох сарын дундаж хэрэглээг төлбөр тооцох үзүүлэлтийн нэгжид дараах хязгаарт багтаан тогтооно:</h5>\r\n</div>\r\n<table class=\"table table-bordered table-striped\">\r\n<thead>\r\n<tr>\r\n<td class=\"text-center\" width=\"60\">№</td>\r\n<td>Ангилал</td>\r\n<td width=\"120\">Хэмжих нэгж</td>\r\n<td width=\"120\">Тариф</td>\r\n</tr>\r\n</thead>\r\n<tbody>\r\n<tr>\r\n<td class=\"text-right\">1</td>\r\n<td>Айл өрх</td>\r\n<td>Төг/кВт.ц</td>\r\n<td><strong>350</strong></td>\r\n</tr>\r\n</tbody>\r\n</table>\r\n<p><br /><br /></p>\r\n<div class=\"table_info text-center\">\r\n<h4>ҮЙЛДВЭР, АЖ АХУЙН НЭГ БАЙГУУЛЛАГАД БОРЛУУЛАХ ЦАХИЛГААНЫ ЧАДЛЫН ТАРИФ</h4>\r\n<h5>Үйлдвэр аж ахуйн нэгж байгууллагад борлуулах цахилгааны чадлын тарифыг (НӨАТ-гүй) төлбөр тооцох үзүүлэлтийн нэгжид дараах байдлаар тогтооно:</h5>\r\n</div>\r\n<table class=\"table table-bordered table-striped\">\r\n<thead>\r\n<tr>\r\n<td class=\"text-center\" width=\"60\">№</td>\r\n<td>Ангилал</td>\r\n<td width=\"120\">Хэмжих нэгж</td>\r\n<td width=\"120\">Тариф</td>\r\n</tr>\r\n</thead>\r\n<tbody>\r\n<tr>\r\n<td class=\"text-right\">1</td>\r\n<td>Үйлдвэр, аж ахуйн нэгж, байгууллага</td>\r\n<td>кВт.ц</td>\r\n<td><strong>9000</strong></td>\r\n</tr>\r\n</tbody>\r\n</table>\r\n<p><br /><br /></p>\r\n<div class=\"table_info text-center\">\r\n<h4>ЦАХИЛГААНЫ ЧАДЛЫН ТӨЛБӨР ТООЦОХ АРГАЧЛАЛ</h4>\r\n<br />\r\n<h4>СЭРГЭЭГДЭХ ЭРЧИМ ХҮЧИЙГ ДЭМЖИХ ТАРИФ</h4>\r\n<h5>Төв, Өмнөд бүсийн нэгдсэн сүлжээнд холбогдсон хэрэглэгчдийн сэргээгдэх эрчим хүчийг дэмжих тарифыг 3.95 төг/квт.ц-аар тогтоосон ба хэрэглэгчдэд борлуулах цахилгааны тариф дээр нэмж тооцно.</h5>\r\n</div>',1,1),(4,'Эмзэг бүлгийн хэрэглэгч','emzeg-bulgiin-hereglegch','2017-01-13 07:14:17.977727','2017-01-13 09:19:36.591199','','draft','','<div class=\"table_info text-center\">\r\n<h4>ҮЙЛДВЭР, АЖ АХУЙН НЭГЖ БОЛОН БУСАД БАЙГУУЛЛАГАД БОРЛУУЛАХ ЦАХИЛГААНЫ ТАРИФ</h4>\r\n<h5>Үйлдвэр, аж ахуйн нэгж болон бусад байгууллагад борлуулах цахилгааны тарифыг (НӨАТ-гүй) ангиллаас нь хамааруулан төлбөр тооцох үзүүлэлтийн нэгжид дараах хязгаарт багтаан тогтооно.</h5>\r\n</div>\r\n<table class=\"table table-bordered table-striped\">\r\n<thead>\r\n<tr>\r\n<td class=\"text-center\" width=\"60\">№</td>\r\n<td>Бүсийн ялгаа</td>\r\n<td width=\"120\">Сарын хэрэглээ (кВт.ц)</td>\r\n<td width=\"150\">Тариф /НӨАТ-гүй/ (төг/кВт.ц)</td>\r\n<td>Тайлбар</td>\r\n</tr>\r\n</thead>\r\n<tbody>\r\n<tr>\r\n<td class=\"text-right\">1</td>\r\n<td>Улаанбаатар хот</td>\r\n<td>100 кВт.ц хүртэл<br />101 кВт.ц - аас дээш</td>\r\n<td><strong>48.20<br />69.30</strong></td>\r\n<td width=\"120\">-</td>\r\n</tr>\r\n<tr>\r\n<td class=\"text-right\">2</td>\r\n<td>Дархан хот, Эрдэнэт хот</td>\r\n<td>75 кВт.ц хүртэл<br />76 кВт.ц - аас дээш</td>\r\n<td><strong>48.20<br />69.30</strong></td>\r\n<td width=\"120\">-</td>\r\n</tr>\r\n<tr>\r\n<td class=\"text-right\">3</td>\r\n<td>Бусад /1 ба 2 дугаар мөрнүүдэд орохгүй бүх аймаг, сум/</td>\r\n<td>50 кВт.ц хүртэл<br />51кВт.ц - аас дээш</td>\r\n<td><strong>48.20<br />69.30</strong></td>\r\n<td width=\"120\">-</td>\r\n</tr>\r\n</tbody>\r\n</table>',14,1),(5,'Үнэ тооцох аргачлал','une-tootsoh-argachlal','2017-01-13 07:44:08.280463','2017-01-13 09:32:22.580566','','draft','','<div class=\"entry-content\">\r\n<p style=\"text-align: justify;\">Цахилгаан эрчим хүчний тооцоог хэрэглэгчийн эзэмшлийн зааг дээр суурилуулсан тоолуур, тооцооны хэмжих хэрэгслийг үндэслэн хийдэг. Цахилгаан эрчим хүчний хэрэглээ нь &ldquo;кВт.цаг&rdquo; гэсэн хэмжигдэхүүнээр илэрхийлэгдэнэ. Хэрэглэгчийн цахилгаан эрчим хүчний хэрэглээг тооцохдоо тухайн сарын тоолуурын заалтыг өмнөх сарын заалттай тулгаж, зөрүүг Эрчим хүчний зохицуулах хороо /ЭХЗХ/-оос баталсан үнэ тарифаар үржүүлж, гарсан дүн дээр нэмүү өртгийн албан татвар /НӨАТ/ нэмж гаргадаг. Томъёолон үзүүлбэл:</p>\r\n<h2 style=\"text-align: center;\"><strong>ХТ=З * К * АК * Ү * Т, төг</strong></h2>\r\n<p style=\"text-align: justify;\"><strong>ХТ</strong> - хэрэглэгчийн төлөх төлбөр, төгрөг<br /> <strong>З </strong>- тоолуурын заалтын зөрүү<br /> <strong>К</strong> &ndash; трансформаторын үржих коэффициент<br /> <strong>АК</strong> &ndash; алдагдлын коэффициент<br /> <strong>Ү</strong> &ndash; үнэ тариф<br /> <strong>Т</strong> &ndash; НӨАТ, 10%</p>\r\n<p style=\"text-align: justify;\">Эдгээрийг дэлгэрэнгүй тайлбарлая. <br /> <strong>1. Тоолуурын заалтын зөрүү</strong><br /> Өмнөх сарын тоолуурын заалтыг тухайн сарын заалтаас хасаж гаргасан дүнг тоолуурын заалтын зөрүү гэнэ.</p>\r\n<p style=\"text-align: justify;\"><strong>2.Трансформаторын үржих коэффициент</strong><br /> 380 Вольтоос дээш хүчдэлээр цахилгаан эрчим хүчний эх үүсвэрээ шийдсэн хэрэглэгчийн сарын хэрэглээг тооцохдоо трансформаторын үржих коэффициентээр боддог. Өөрөөр хэлбэл тоолуур нь гүйдэл ба хүчдэлийн трансформатораар дамжин холбогдсон бол цахилгаан эрчим хүчний хэрэглээг тооцохдоо тоолуурын заалтын зөрүүг трансформаторын үржих коэффициентээр үржүүлэн тодорхойлно. Энэ төрлийн хэрэглэгч нь ашиглах цахилгаан тоног төхөөрөмжийн ачаалал, суурилагдсан хүчин чадалдаа тохируулан гүйдлийн трансформаторыг сонгож суурилуулна. Хэрэглэгч ямар хүчдэлийн түвшингээс цахилгааны эх үүсвэрээ авснаас шалтгаалан трансформаторын үржих коэффициентийг тооцож гаргадаг. Бүх хүчдэлийн түвшинд гүйдлийн трансформатор 50/5 сонгон тавьсан бол трансформаторын үржих коэффициентийг дараах байдлаар тодорхойлно.</p>\r\n<ul style=\"text-align: justify;\">\r\n<li>110кВ-ын хүчдэлийн сүлжээнд холбогдсон хэрэглэгчийн хувьд трансформаторын үржих коэффициент К = 110000/100 х 50/5 буюу 11000</li>\r\n<li>35кВ-ын хүчдэлийн сүлжээнд холбогдсон хэрэглэгчийн хувьд трансформаторын үржих коэффициент К = 35000/100 х 50/5 буюу 3500</li>\r\n<li>10кВ-ын хүчдэлийн сүлжээнд холбогдсон хэрэглэгчийн хувьд трансформаторын үржих коэффициент К= 10000/100 х 50/5 буюу 1000</li>\r\n<li>6кВ-ын хүчдэлийн сүлжээнд холбогдсон хэрэглэгчийн хувьд трансформаторын үржих коэффициент К = 6000/100 х 50/5 буюу 600</li>\r\n<li>0.4кВ-ын /манайд ихэвчлэн 380В гэж ярьдаг/ хүчдэлийн сүлжээнд холбогдсон хэрэглэгчийн хувьд трансформаторын үржих коэффициент К = 10</li>\r\n</ul>\r\n<p style=\"text-align: justify;\"><strong>3. Алдагдлын коэффициент</strong><br /> Алдагдлын коэффициент гэж хэрэглэгчийн эзэмшлийн заагаас хэрэглээг бодож гаргах цэг хүртэлх шугамын алдагдлыг тооцохыг хэлнэ. <br /> Засгийн газрын 2001 оны 263 дугаар тогтоолын нэгдүгээр хавсралтаар батлагдсан &ldquo;Цахилгаан эрчим хүч хэрэглэх дүрэм&rdquo;-ийн 36-д &ldquo;Тооцооны хэмжих хэрэгслийг дамжуулагч, түгээгч хангагч болон хэрэглэгчийн цахилгаан тоног төхөөрөмжийн эзэмшлийн зааг дээр тавина. Эзэмшлийн зааг дээр тоолуур тавиагүй тохиолдолд эзэмшлийн заагаас хэрэглээг тооцох цэг хүртэлх шугам болон трансформатор (ачааллын болон хоосон явалтын) дахь алдагдлыг шугам сүлжээг эзэмшигч хүлээнэ...&rdquo; гэж заасны дагуу эзэмшлийн заагаас хэрэглээг тооцох цэг хүртэлх шугамын алдагдлыг тодорхойлох томъёо гаргалгааг авч ирээгүй хэрэглэгчдэд ойролцоогоор тооцон гаргасан 1,025 гэсэн алдагдлын коэффициентийг ашиглаж байна. <br /> &ldquo;Цахилгаан эрчим хүчээр хэрэглэх дүрэм&rdquo;-д хэрэглэгчийн эзэмшлийн зааг, хэрэглээг тооцох цэгийг дараах байдлаар тодорхойлсон байдаг.<br /> Эзэмшлийн зааг &ndash; гэж дамжуулагч, түгээгч, хангагч болон хэрэглэгчийн цахилгаан дамжуулах, түгээх сүлжээг өмчлөлийн буюу эзэмшлийн харьяаллаар нь хуваан зааглаж байгаа цэгийг;<br /> Хэрэглээг тооцох цэг &ndash; гэж хэрэглэгчид түгээсэн цахилгаан эрчим хүчний хэмжээг тодорхойлох зорилгоор цахилгаан дамжуулах, түгээх сүлжээнд тооцооны хэмжих хэрэгслийг холбосон цэгийг гэж тус тус заасан байдаг.</p>\r\n<p style=\"text-align: justify;\"><strong>4. Үнэ тариф</strong><br /> ЭХЗХ-оос баталсан цахилгаан эрчим хүчний үнэ тарифыг хэлж байна.</p>\r\n<p style=\"text-align: justify;\"><strong>5. Нэмүү өртгийн албан татвар /НӨАТ/</strong><br /> Монгол Улсын нэмэгдсэн өртгийн албан татварын тухай хуулийн 11 дүгээр зүйлийн 11.1-д заасны дагуу 10 хувиар тооцно.<br /> <br /> Хэрэглэгчдийн ангиллаас хамааруулан дараах нэмэлт төлбөрийг цахилгаан эрчим хүчний төлбөр дээр нэмж авдаг. Үүнд:<br /> <span style=\"text-decoration: underline;\"><em>Ахуйн хэрэглэгчдэд</em></span></p>\r\n<ul style=\"text-align: justify;\">\r\n<li>Цахилгаан хэрэглэгчдийн сарын суурь тарифыг ЭХЗХ-ны тогтоолоор 1000 төгрөгөөр тогтоон мөрдүүлж байна. Дэлхийн улс орнуудын эрчим хїчний салбарт хэрэглэгчийн олон төрлийн тариф мөрдөгддөг бөгөөд хэрэглэгчийн сарын суурь төлбөр, чадлын тариф, энергийн тариф гэсэн үндсэн 3 хэсгээс бүрддэг. Цахилгаан эрчим хүчийг тасралтгүй үйлдвэрлэж, дамжуулан түгээж, хэрэглэгчдийг ямар ч үед /хоногийн 24 цагийн турш/ цахилгаан хэрэглэхэд бэлэн байлгадаг учраас зардалд үндэслэсэн суурь хураамжийг хэрэглэгчдээс авдаг.</li>\r\n<li>Нийслэлийн Засаг Даргын 2011 оны 6 дугаар сарын 17-ны өдрийн 472 тоот захирамжийн дагуу хог тээвэрлэсний төлбөрт 1 өрхөөс 2500 төгрөгийг сар бүр цахилгааны төлбөр дээр дээр нэмж хураадаг.</li>\r\n<li>Радио телевизийн хэрэг эрхлэх газрын даргын 2001 оны 11 дүгээр сарын 7-ны өдрийн 403 тоот тушаалаар телевизийн нэвтрүүлгийн үйлчилгээний хөлсний хураамж болох 1100 төгрөгийг гэр хорооллын хэрэглэгчдийн цахилгааны төлбөрийн нэхэмжлэх дээр сар бүр авч байна.</li>\r\n</ul>\r\n<p style=\"text-align: justify;\"><span style=\"text-decoration: underline;\"><em>Аж ахуйн нэгж байгууллагын хэрэглэгчдэд</em></span></p>\r\n<ul style=\"text-align: justify;\">\r\n<li style=\"text-align: justify;\">6, 10, 35 кВ-ын цахилгаан дамжуулах агаарын болон кабель шугамаас тэжээгддэг хувийн эзэмшлийн трансформатортай хэрэглэгч нь тооцооны хэмжих хэрэгслээ 0.4 кВ-ын сүлжээ талдаа тавьсан тохиолдолд трансформаторын хоосон явалтын энергийн алдагдлыг нэмж тооцно. Трансформаторын хоосон явалтын энергийн алдагдал нь соронзон орноос үзүүлэх зүрхэвч төмрийн халалтад зарцуулагдах ба трансформатор ачаалалтай эсэхээс үл хамааран тогтмол байна. Энэ нь траснформаторын паспортад өгөгдсөн алдагдлын өгөгдлийг ажилласан цагаар үржүүлэн тогтмол алдах хоосон явалтын энергийн алдагдлыг тодорхойлдог. УБЦТС ТӨХК-ийн Гүйцэтгэх захирлын 2014 оны 60 тоот тушаалаар батлагдсан журмыг мөрдөж байна.</li>\r\n</ul>\r\n<ul style=\"text-align: justify;\">\r\n<li style=\"text-align: justify;\">Хуурмаг чадлын хэрэглээг ЭХЗГ-ын 2010 оны 10 сарын 12-ны өдрийн 109 тогтоолыг үндэслэн авдаг. Хэрэглэгчийн чадлын итгэлцүүрийг тодорхойлохдоо хангагч, хэрэглэгчийн эзэмшлийн зааг дээр тавигдсан актив, реактив тооцооны тоолуурын сар бүрийн заалтыг үндэслэн тооцно. Хэрэв реактив тоолуур байхгүй тохиолдолд хэмжилт, тооцоо хийж, чадлын итгэлцүүр Cos&phi;-ийн хэмжээг тодорхойлно. Хуурмаг чадлын хэрэглээ бүхий аж ахуйн нэгж байгууллагуудад чадлын итгэлцүүр Cos&phi;-ээс хамааруулж төлбөрийг өсгөж тооцохдоо дор дурдсан хувь хэмжээг баримтална.</li>\r\n</ul>\r\n<table class=\"table table-bordered table-striped\">\r\n<thead>\r\n<tr><th class=\"col-md-6\">Тухайн сарын дундаж cos&phi;</th><th class=\"col-md-6\">Төлбөрийг өсгөх хэмжээ /хувиар/</th></tr>\r\n</thead>\r\n<tbody>\r\n<tr>\r\n<td>0.86-1</td>\r\n<td>0</td>\r\n</tr>\r\n<tr>\r\n<td>0.8-0.85</td>\r\n<td>5.0</td>\r\n</tr>\r\n<tr>\r\n<td>0.71-0.79</td>\r\n<td>10.0</td>\r\n</tr>\r\n<tr>\r\n<td>0.66-0.7</td>\r\n<td>15.0</td>\r\n</tr>\r\n<tr>\r\n<td>0.6-0.65</td>\r\n<td>16.0</td>\r\n</tr>\r\n<tr>\r\n<td>0.51-0.59</td>\r\n<td>18.0</td>\r\n</tr>\r\n<tr>\r\n<td>0.5 ба түүнээс доош</td>\r\n<td>20.0</td>\r\n</tr>\r\n</tbody>\r\n</table>\r\n<p>&nbsp;</p>\r\n<p>Бодит болон хуурмаг энергийн хэрэглээг тооцох боломжтой тоолуураар тоологдсон энергийн үзүүлэлтээр хэрэглэгчийн чадлын итгэлцүүр cos&phi;-ийг тодорхойлохдоо бүрэн чадлын томъёог үндэслэнэ.</p>\r\n<p><span style=\"text-decoration: underline;\"><em>Тоолуураар тоологдсон нийт бүрэн энергийг тооцоолох</em></span></p>\r\n<h2><strong>E= &radic;(Ep^2+Eq^2 )</strong></h2>\r\n<p><strong>Ep</strong> - тоолуураар тоологдсон бодит энерги (кВт.цаг)<br /> <strong>Eq</strong> - тоолуураар тоологдсон хуурмаг энерги (кВар.цаг)</p>\r\n<p><br /> <span style=\"text-decoration: underline;\"><em>Хэрэглэгчийн чадлын итгэлцүүр cos&phi;-ийг тодорхойлох</em></span></p>\r\n<h2><strong>Cos&phi;=Ep/Es</strong></h2>\r\n<p><strong>Сos&phi;</strong> -ийн утгаас хамааруулан төлбөрийг өсгөх хэмжээг дээр үзүүлсэн хүснэгтийн дагуу тооцно.</p>\r\n<p style=\"text-align: right;\">Ц.ЭНХСАЙХАН</p>\r\n</div>\r\n<!-- .entry-content -->',0,1),(6,'ЦАХИЛГААНЫ ТАРИФЫН ХӨНГӨЛӨЛТӨД ХЭРХЭН ХАМРАГДАХ ВЭ?','cahilgaany-tarifyn-hnglltd-herhen-hamragdah-ve','2017-01-13 07:46:08.912903','2017-01-13 08:17:06.117842','129_khoroo.jpg','published','МҮОНРТ-ийн \"Монголын мэдээ\" сувгийн \"Өглөөний мэдээ\"-ний зочноор Эрчим хүчний зохицуулах хорооны Үнэ тарифын хэлтсийн дарга Б.Болор-Эрдэнэ уригдаж, цахилгааны тарифын хөнгөлөлтөд хэрхэн хамрагдах вэ сэдвээр ярилцлаа','<p style=\"text-align: justify;\"><span>/2017.01.03/</span></p>\r\n<p style=\"text-align: center;\"><iframe src=\"https://www.youtube.com/embed/gpwQlyog7io\" frameborder=\"0\" width=\"560\" height=\"315\"></iframe></p>',6,1),(7,'АЙЛУУД САРД 10 МЯНГАН ТӨГРӨГ “ХЭМНЭНЭ”','ajluud-sard-10-myangan-tgrg-hemnene','2017-01-13 07:47:34.711742','2017-01-13 08:16:32.746969','129_khoroo.jpg','published','Улаанбаатар хотын агаарын бохирдлыг бууруулах зорилгын хүрээнд Засгийн газрын шийдвэрийн дагуу нийслэлийн гэр хорооллын хоёр тарифт тоолууртай айл өрхийн шөнийн тарифыг тэглэх тогтоол гаргасан. Энэхүү тогтоол нь 2017 оны нэгдүгээр сарын 1-ний өдрөөс эхлэн хэрэгжиж эхлээд байна. Ингээд гэр хорооллын цахилгааны шөнийн тарифын хөнгөлөлтийн талаар Улаанбаатар цахилгаан түгээх сүлжээ компанийн Борлуулалтын бодлогын хэлтсийн дарга Ц.Энхсайханаас тодрууллаа.','<p style=\"text-align: justify;\"><em><span>Улаанбаатар хотын агаарын бохирдлыг бууруулах зорилгын хүрээнд&nbsp;Засгийн газрын шийдвэрийн дагуу&nbsp; нийслэлийн гэр хорооллын хоёр тарифт тоолууртай айл өрхийн шөнийн тарифыг тэглэх тогтоол гаргасан. Энэхүү тогтоол нь 2017 оны нэгдүгээр сарын 1-ний өдрөөс эхлэн хэрэгжиж эхлээд байна. Ингээд гэр хорооллын цахилгааны шөнийн тарифын хөнгөлөлтийн талаар Улаанбаатар цахилгаан түгээх сүлжээ компанийн</span></em><span class=\"apple-converted-space\"><em><span>&nbsp;</span></em></span><em><span>Борлуулалтын бодлогын хэлтсийн дарга Ц.Энхсайханаас тодрууллаа.</span></em></p>\r\n<p style=\"text-align: justify;\"><span>-Гэр хорооллын айлуудын цахилгааны шөнийн тарифыг энэ сарын 1-ээс тэглэж эхэллээ. Цахилгааны хөнгөлөлтөд хэчнээн айл өрх хамрагдаж байна вэ?</span></p>\r\n<p style=\"text-align: justify;\"><em>-</em>Засгийн газраас баталсан энэхүү тогтоолд &ldquo;Гэр хорооллын тарифтай тоолууртай иргэдэд үйлчилнэ&rdquo; &nbsp;гэж заасан байдаг. Манай Улаанбаатар цахилгаан түгээх сүлжээ компанийн хувьд гэр хорооллын 146 мянган хэрэглэгчтэй гэрээ байгуулан ажилладаг. Үүний 120 мянга гаруй хэрэглэгч нь тарифт тоолууртай бөгөөд цахилгаан эрчим хүчний тооцоогоо хийдэг. Тэгэхээр эдгээр 120 мянган хэрэглэгч Засгийн газраас баталсан шөнийн цахилгааны хөнгөлөлтөд хамрагдаж байгаа. Үлдсэн 26 мянга гаруй айл өрх өөрсдөө тарифт тоолуур худалдан авснаар цахилгааны шөнийн тарифт хөнгөлөлт эдлэх боломжтой.</p>\r\n<p style=\"text-align: justify;\"><span>-Хоёр тарифт тоолуур, ердийн тоолуур хоёрыг &nbsp;ялгаа нь юу вэ?</span></p>\r\n<p style=\"text-align: justify;\">-Тарифтай тоолуур гэдэг нь хэрэглэгчдийн хэрэглээг өдөр, шөнө гэсэн хоёр цагийн шатлалаар тоолдог тоолуур юм. Өдрийн хэрэглээнд өглөөний 6 цагаас оройн 21 цаг хүртэл багтааж байгаа &nbsp;бол &nbsp;оройн 21 цагаас өглөөний 6 цаг хүртэлх цагийг шөнийн хэрэглээ гэдэг. Тийм учраас энэ хэрэглээг ялгаж тоолохын тулд тарифтай электрон тоолуурыг хэрэглэдэг. Харин ердийн тоолууртай хэрэглэгчдэд цагийн ялгаа байдаггүй. Эдгээр айлуудын цахилгааны хэрэглээг нь бүтэн тоолдог учраас шөнийн хэрэглээндээ хэдэн кВт.цаг хэрэглэсэн нь тодорхойгүй юм. Хэрэв тарифтай электрон тоолуурыг хэрэглэвэл цахилгааны хөнгөлөлтөд хамрагдах боломжтой болох юм.</p>\r\n<p style=\"text-align: justify;\"><img src=\"http://r.news.mn/image/2017/01/02/jqp9bj3mcfyteux1/_I1A8815_700.JPG\" alt=\"\" /></p>\r\n<p style=\"text-align: justify;\">-<span>Өмнө нь</span>&nbsp;<span>гэр хорооллын айлуудын цахилгааны шөнийн тарифыг 50 хувь хөнгөлж байсан. Одоо цахилгааны шөнийн тарифыг тэглэснээр нэг айл өрхөд эдийн засгийн хувьд хэр үр өгөөжтэй вэ?</span></p>\r\n<p style=\"text-align: justify;\">-Гэр хорооллын 146 мянган хэрэглэгчийн цахилгааны дундаж хэрэглээ ойролцоогоор 200-250 кВт. цаг байдаг. Мэдээж цахилгаанаар халаалтаа бүрэн шийдсэн хэрэглэгчийн хувьд энэ тоо харьцангуй өндөр гарна. Ер нь тухайн хэрэглэгчийн цахилгаан халаалтын системийн хүчин чадлаас хамаарч харилцан адилгүй дүн гардаг. Нэг айлын дундаж хэрэглээ 250 кВт.цаг гэж үзвэл үүний 30 хувь буюу 100 кВт.цаг нь шөнийн хэрэглээ эзэлдэг гэж бодъё. Тэгвэл 100 кВт.цагийг Эрчим хүчний зохицуулах хорооноос баталсан 77 төгрөг 10 мөнгөөр бодоход нэмэн өртгийн албан татвартайгаа 10 орчим мянган төгрөг гарахаар байна. Саяхан хэрэгжиж эхэлсэн цахилгааны шөнийн 50 хувийн хөнгөлөлтөөр 7700 төгрөгийн 50 хувийг төлж байсан. Одоо шинэ тогтоолоор цахилгааны шөнийн тарифаас дахин 4000 орчим төгрөгийг хэмнэнэ гэсэн үг.</p>\r\n<p style=\"text-align: justify;\"><span>-Үлдсэн 26 мянган айл хоёр тарифт тоолуурыг хаанаас худалдан авч болох вэ?</span></p>\r\n<p style=\"text-align: justify;\">-Хоёр тарифтай тоолуурыг гадуур барилгын материалын дэлгүүрүүдээр худалдаалж байгаа. Эдгээрийг Стандарт хэмжилзүйн газраас баталгаажуулсан , загварын туршилтад орсон эрх бүхий компаниуд&nbsp; худалдаалдаг. Үнийн хувьд 80 орчим төгрөгөөр борлуулж байгаа. Иргэд хаанаас ч электрон тоолуурыг худалдан авч, цахилгааны шөнийн тарифт хөнгөлөлтөд хамрагдаж болно. Засгийн газраас баталсан журамд гэр хорооллын айлууд тарифтай тоолууртай, цахилгаан эрчим хүчний өр төлбөргүй, зөвхөн ахуйн зориулалттай байна гэсэн заалтуудыг тусгасан байгаа.</p>\r\n<p style=\"text-align: justify;\"><span>-Цахилгааны шөнийн тарифыг хөнгөлснөөр шөнийн хэрэглээ огцом өсөх эрсдэлтэй. Энэ тал дээр хэрхэн урьдчилан сэргийлж, ажиллаж байна вэ?</span></p>\r\n<p style=\"text-align: justify;\">-Одоогийн байдлаар энэхүү тогтоол дөнгөж хэрэгжих шатандаа явж байна. Нийслэлийн гэр хорооллын хэрэглэгчдийг нийт 95 шугам сүлжээгээр хангадаг. Өнөөдрийн байдлаар хоёр шугам сүлжээний ачаалал 80-аас дээш хувьтай байна. Бусад шугам сүлжээний ачаалал нэмэгдээгүй байгаа. Манайхаас иргэдэд цахилгааны хэрэглээгээ зөв ашиглах талаар сэрэмжлүүлэг мессежүүдийг утсаар илгээсэн. Мөн галын аюулгүй байдлаас урьдчилан сэргийлэх зөвлөмжүүдийг айл өрхүүдээр тараана. Ер нь хэрэглэгч өөрийн цахилгааны утасны даацын хэмжээнд тохирсон цахилгаан хэрэгслээ залгах хэрэгтэй. Энэ тогтоол хэрэгжихтэй холбоотойгоор компанийн зүгээс өндөржүүлсэн бэлэн байдалд ажиллаж байгаа. Хэрэглэгчид маань ч гэсэн үүрэг хариуцлагаа ухамсарлаж, цахилгаанаа хэмнэлттэй, үр дүнтэй ашиглах нь зүйтэй.</p>\r\n<p style=\"text-align: justify;\"><img src=\"http://r.news.mn/image/2017/01/02/nvcz3vwstbwdkr0k/15879108_573923602800754_644853657_n_700.jpg\" alt=\"\" /></p>\r\n<p style=\"text-align: justify;\"><span>А.СҮРЭН</span></p>',4,1),(8,'А.ТЛЕЙХАН: ЭДИЙН ЗАСАГ ХҮНД БАЙГАА Ч ХЭРЭГЛЭГЧДИЙНХЭЭ НУРУУН ДЭЭР АЧАА ӨГӨХГҮЙ','tlejhan-edijn-zasag-hnd-bajgaa-ch-hereglegchdijnhee-nuruun-deer-achaa-ghgj','2017-01-13 07:48:50.563621','2017-01-13 08:15:31.335847','129_khoroo.jpg','published','-Нийслэлийн 146 000 өрх шөнө хэрэглэсэн цахилгааны төлбөрөөс чөлөөлөгдөнө -Эрчим хүчний зохицуулах хорооны дарга А.Тлейхан эрчим хүчний салбарын өнөөгийн байдал цаашид авч хэрэгжүүлэх арга хэмжээний талаар \"Өдрийн сонин-д өгсөн ярилцлагыг бүрэн эхээр нь хүргэж байна.','<p style=\"text-align: justify;\"><span>-Эрчим хүчний салбар өнгөрсөн жил хэр өгөөжтэй ажилласан бэ гэдэг асуултаар ярилцлагаа эхэлье?</span></p>\r\n<p style=\"text-align: justify;\">-2016 он эрчим хүчний салбарын хувьд өгөөжтэй жил байлаа. Хэрэглэгчдээ эрчим хүчээр найдвартай хангах үндсэн үүргээ бүрэн дүүрэн биелүүлсэн. Салбараараа алдагдлаас гарч, үр ашигтай ажилласан амжилттайгаар шинэ оны ажлаа эхэлж байна. Үр ашигтай ажиллах хэрээр зохих ёсны хөрөнгө оруулалт хийж, техник технологио шинэчиллээ. Эдийн засаг хүнд байсан ч хэрэглэгчдийнхээ нуруун дээр ачаа өгөхгүйгээр, дотоод нөөц бололцоогоо ашиглаж ажилласан нь манай салбарын гол амжилт.</p>\r\n<p style=\"text-align: justify;\"><span>-Ерөнхий сайд агаарын бохирдлыг шийдэх нэг том амлалтыг оны өмнө өгсөн. Гүйцэтгэх засаглалын тэргүүний амласнаар бол энэ сараас иргэдийн шөнийн цахилгааны хэрэглээний төлбөрийг тэглэх учиртай. Энэ шийдвэр хэрэгжих боломжтой юу?</span></p>\r\n<p style=\"text-align: justify;\">-Боломжтой. Улаанбаатар хотын агаарын бохирдлыг бууруулах зорилгын хүрээнд Засгийн газрын хуралдаанаас гарсан шийдвэрийн дагуу Эрчим хүчний зохицуулах хороо 2016 оны арван хоёрдугаар сарын 28-ны өдөр хуралдаж, нийслэлийн гэр хорооллын хоёр тарифт тоолууртай айл өрхийн шөнийн тарифыг тэглэх тогтоол гаргалаа. Энэхүү хөнгөлөлтөд нийт 146 000 айл өрх хамрагдаж, оройны 21 цагаас өглөөний 06 цаг хүртэл цахилгаан эрчим хүчийг үнэ төлбөргүй хэрэглэх боломжтой болж байгаа. Нийслэлийн гэр хорооллын айл өрхийн шөнийн цахилгааны төлбөрийг тэглэснээр эрчим хүчний салбарын нуруун дээр нийтдээ 25-27 тэрбум төгрөгийн нэмэгдэл зардал ирэх урьдчилсан тооцоо гарч байна. Энэ бүгдийг Засгийн газартайгаа хамтраад шийдэх боломжтой. Техникийн хувьд ч боломж байгаа. Гол нь цахилгаан эрчим хүч хэрэглэгчид маань өөрсдөө аюулгүй найдвартай ажиллагааг хангасан цахилгаан халаагуур ашиглах шаардлагатай. Эрчим хүчний зохицуулах хорооны зүгээс хэрэглээний огцом өсөлт үүсэх эрсдэлтэй байгаа тул аюулгүй байдлыг хангаж, эрсдэлээс сэргийлэх үйл ажиллагааг холбогдох байгууллагуудтай хамтран зохион байгуулах үүргийг \"Улаанбаатар цахилгаан түгээх сүлжээ&rdquo; ТӨХК&ndash;д өгсөн. Нэг зүйлийг онцлоход цахилгааны хэрэглээг тэглэх шийдвэр үйлдвэрлэл явуулах хэрэглээнд хамаарахгүй. Зөвхөн ахуйн хэрэгцээнд хэрэглэсэн цахилгааны төлбөрийг тэглэнэ.</p>\r\n<p style=\"text-align: justify;\">-<span>Цахилгааны хэрэглээг тэглээд утааг шийдэх боломж байгаа болов уу?</span></p>\r\n<p style=\"text-align: justify;\">-Цахилгааны үнийг тэглээд агаарын бохирдол, утаа бүрэн арилна гэж бодвол өрөөсгөл ойлголт л доо. Бээжин, Лондон, Сөүл зэрэг дэлхийн томоохон хотууд иргэдээ сууцжуулах, халаалтыг цахилгаан, утаагүй түлш, сэргээгдэх эрчим хүч, хийн түлшээр агаарын бохирдлоо шийдсэн жишээ бий. Ер нь ихэнх улс хийн түлш хэрэглэж байж утаанаас салсан байдаг. Манай улсын хувьд утааны гол шалтгаан бол хатуу түлш буюу нүүрс. Түлшнийхээ төрлийг сольж байж бид утаанаасаа сална. Монгол орны хувьд байгалийн хийгүй учраас нүүрснийхээ метан хийг ашиглаж түлшний асуудлаа шийдэх бүрэн боломж бий. Ер нь утаанаас бүрэн салах цорын ганц зөв гарц бол хийн түлш. Агаарын бохирдлыг бууруулах, утааны асуудлыг шийдвэрлэхийн тулд Засгийн газар, Эрчим хүчний яам, Байгаль орчны яамнаас багагүй ажил хийж, төлөвлөж байгаа. Тиймээс л Нийслэлийн гэр хорооллын иргэдийн шөнө хэрэглэсэн цахилгааны төлбөрийг 100 хувь хөнгөлөх шийдвэр гаргаж байгаа.</p>\r\n<p style=\"text-align: justify;\"><span>-Шөнийн цахилгааны хэрэглээг тэглэсэн нь эрчим хүчний түүхэнд байгаагүй хамгийн том хөнгөлөлт. Хэрэглэгчээ дээдэлсэн ийм далайцтай шийдвэр өмнө нь гарч байсан удаагүй санагдаж байна...?</span></p>\r\n<p style=\"text-align: justify;\">-Тиймээ. Эрчим хүчний салбарын зүгээс хэрэглэгчдэд өгч байгаа хамгийн том боломж бол энэ. Хэрэглэгчээ дээдэлсэн бодлогын хүрээнд гарсан шийдвэр гэж ойлгож болно л доо. Бид эдийн засгийн хүндрэлтэй үед дотоод нөөц бололцоогоо ашиглаж, зардлаа бууруулж, хэмнэлт гаргах замаар ажиллана, 2017 онд цахилгааны үнийг нэмэхгүй гэсэн зарчим барьж байгаа.</p>\r\n<p style=\"text-align: justify;\"><span>-Эрчим хүчний салбар төдийгөөс өдий хүртэл монополь байсаар ирсэн, тэр хэрээрээ хэрэглэгчдээ үл тоосон хандлага гаргадаг гэсэн шүүмжлэл бий. Энэ шүүмжлэлтэй та санал нийлэх үү?</span></p>\r\n<p style=\"text-align: justify;\">-Санал нэг байна. Гэхдээ манай салбарын ихэнх байгууллага энэ хандлагаа өөрчилсөн. Заримд нь өнөөг хүртэл ийм дутагдал бийг үгүйсгэхгүй. Эрчим хүчний зохицуулах хорооны Эрчим хүчний тухай хуулиар хүлээсэн үүргийн нэг нь хэрэглэгчдийн эрх ашгийг дээдлэх. Тиймээс эрчим хүчний байгууллагуудад хандан \"Хэрэглэгчээ гомдоовол тусгай зөвшөөрлийг чинь цуцлах хүртэл хатуу хариуцлага тооцно&rdquo; гэж мэдэгдэж байгаа. Хэрэглэгчийн санал хүсэлтийг авдаг тогтолцоогоо шинэчиллээ. Улаанбаатарын хэмжээнд гэхэд зөвхөн хэрэглэгчийн санал хүсэлтийг сонсох гэж 32 хүн ажиллаж байна. Хэрэглэгчдээс өдөрт 4000 орчим санал хүсэлт ирдэг юм билээ. Санал хүсэлтүүдийг нь багцалж, судлаад хэрэглэгчдэд тулгараад байгаа асуудлыг шийдэхийн төлөө бид эрчим хүчний тусгай зөвшөөрөл эзэмшигч байгууллагуудтай хамтран ажиллана. Энэ жилээс эхлэн Эрчим хүчний зохицуулах хороонд хэрэглэгчийн эрх ашгийг хамгаалдаг хэлтэс ажиллаж эхэлсэн. Тиймээс санал, гомдолтой иргэд манайд хандах бүрэн боломжтой. Саяхан л гэхэд Говь-Алтай, Баян-Өлгий аймгаас гомдол ирсэн, манай мэргэжилтнүүд газар дээр нь очиж шалгасан, хэрэглэгчидтэй уулзсан. Хэрэглэгчдийн эрх ашгийг зөрчиж байгаа асуудлыг бид судалж, дор дор нь шийдвэрлээд явна. Ер нь байгууллага бүрт наад захын гурван бодлого байх ёстой. Эхнийх нь хүний нөөцийн бодлого. Ажилтнууд нь чадалтай, чадвартай байж байгууллага сайн ажиллана. Хоёр дахь нь техник технологийн бодлого бол гурав дахь нь санхүүгийн менежмент. Хязгааргүй хэрэгцээг хязгаарлагдмал нөөцөөр хангахыг эдийн засаг гэдэг. Олсон мөнгөөрөө яаж аятайхан ажиллах вэ гэдгээ нарийн тооцох учиртай. Манай хорооны зүгээс хариуцдаг байгууллагууддаа ийм шаардлага тавьж ажиллана.</p>\r\n<p style=\"text-align: justify;\"><span>-Эрчим хүчний хэмнэлтийн хууль батлагдаж гараад яг нэг жил өнгөрч байна. Эрчим хүчний зохицуулах хороо энэ хуулийг хэрэгжүүлэх эрх бүхий байгууллага нь. Өнгөрсөн хугацаанд ямар ажлууд хийгдсэн бэ?</span></p>\r\n<p style=\"text-align: justify;\">-Эрчим хүчний зохицуулах хороон дээр Эрчим хүч хэмнэлтийн газар байгуулагдаад ажиллаж байна. Эрчим хүчний менежерүүдийг ШУТИС-тай хамтран бэлтгэж, эхэллээ. Удахгүй эрчим хүчний аудиторуудыг бэлдэнэ. Хуулийн дагуу Засгийн газраар дөрвөн том журам батлуулсан. Энэхүү журмын дагуу Эрчим хүчний үүрэг хүлээсэн хэрэглэгчдийг бүртгэж тодорхойлж, мэдэгдэл хүргүүлээд байна. Олон улсын жишгээр баталсан энэ хууль цаашид бүх хүнд ашиг тусаа өгнө гэдэгт итгэлтэй байгаа.</p>\r\n<p style=\"text-align: justify;\">-<span>Эрчим хүчний үүрэг хүлээсэн байгууллага гэдгээ тодруулаач?</span></p>\r\n<p style=\"text-align: justify;\">-Эрчим хүчний өндөр хэрэглээтэй байгууллагыг үүрэг хүлээсэн хэрэглэгч гэж тодорхойлж байгаа. Эрчим хүч хэмнэлтийн тухай хууль болон Монгол Улсын Засгийн газрын 2016 оны 294-р тогтоолын дагуу жилд 5 сая кВт.ц -аас дээш эрчим хүч хэрэглэдэг уул уурхайн байгууллага, 2 сая кВт.ц -аас дээш хэрэглээтэй аж ахуй нэгжийг цахилгааны үүрэг хүлээсэн хэрэглэгчээр, 5000 Гкал/жил-ээс дээш дулаан хэрэглэдэг байгууллагыг дулааны үүрэг хүлээсэн хэрэглэгчээр тогтоох босго хэмжээг баталсан. Монгол улсын хэмжээнд 131 аж, ахуйн нэгж эрчим хүч хэмнэх үүрэг хүлээж ажиллана. Энэ аж ахуйн нэгжүүд эрчим хүчээ 15 хувь хэмнэхэд жилдээ 120 тэрбум төгрөгийн ашиг олно гэсэн урьдчилсан тооцоо бий. Энэ байгууллагууд эхлээд эрчим хүчний аудит хийлгэх хэрэгтэй. Хаанаа хэр хэмжээний эрчим хүч алдаад байгаагаа тодорхойлуулж, хэмнэлт хийж чадвал хэмнэсэн мөнгө нь өөрсдөд нь л ашиг болж үлдэнэ. Үүнээс гадна Эрчим хүчний зохицуулах хорооноос цахилгаан бага хэрэглэдэг, эрчим хүчний хэмнэлттэй бүтээгдэхүүнийг шошгожуулах ажлыг энэ онд эхлүүлнэ. Цахилгаан бага хэрэглэдэг гэдэг нь батлагдсан тусгай шошготой бараа бүтээгдэхүүнийг хэрэглэгч авснаар айл өрхүүд ч бас эрчим хүчээ хэмнэх боломж бүрдэх юм.</p>\r\n<p style=\"text-align: justify;\"><span>-Барилгын дулааныг шийдэж чадвал эрчим хүчийг их хэмжээгээр хэмнэх боломжтой. Энэ тал дээр хэр анхаарч байна?</span></p>\r\n<p style=\"text-align: justify;\">-Эрчим хүчний хэмнэлт барилгын дулаалгатай холбоотой гэдэгтэй санал нэг байна. Эхний ээлжинд хийх учиртай ажлуудын нэг бол барилга байшингаа дулаалах. Одоо байгаа барилгуудад аудит хийлгэх ажил бий. Ер нь цаашдаа барилгуудад стандарт тавигдана. Эрчим хүчний хэмнэлттэй барилга байшин барих асуудал ч бий. Тодруулж хэлэхэд Эрчим хүчний хэмнэлтийн зөвлөл гэж байгуулна. Эрчим хүчний хэмнэлтийн аудитын дагуу төсөл хийхээр барилгаас гадна барилга барих хөрөнгийн асуудал давхар яригдах учраас энэ зөвлөлд эрчим хүчний салбарынхнаас гадна барилга, банкныхан орно. Ингэж ажиллаж байж эрчим хүчний хэмнэлтийг цогцоор нь шийдэж чадна.</p>\r\n<p style=\"text-align: justify;\"><span>-Эрчим хүчний хэмнэлтийн үр дүн хэзээнээс бодитойгоор, мэдэгдэхүйцээр мэдрэгдэж эхлэх бол?</span></p>\r\n<p style=\"text-align: justify;\">- Эхний үр дүн энэ оны сүүлээр гарна. Хоёроос гурван жилийн дараа хэмнэлтийн үр дүн илүү сайн, илүү томоор мэдрэгдэх байх.</p>\r\n<p style=\"text-align: justify;\"><span>-Эрчим хүчний хэмнэлтийн ашиг тусыг ойлгуулж хүлээн зөвшөөрүүлэх чиглэлээр ямар ажлууд хийхээр төлөвлөөд байна вэ?</span></p>\r\n<p style=\"text-align: justify;\">-Эрчим хүчний хэмнэлтийг ойлгуулахын тулд үүрэг хүлээсэн байгууллагуудтай түлхүү ажиллана. Мөн нийгэмд хандсан ажлууд хийхээр төлөвлөж байна. Эрчим хүчний зохицуулах хорооноос Худалдаа аж үйлдвэрийн танхим болон Нийслэлийн боловсролын газартай хамтарч ажиллах санамж бичигт гарын үсэг зурсан. Хүүхдүүдэд хичээлийн программаар нь дамжуулан эрчим хүчний хэмнэлтийн горимд сургавал ирээдүйд гарах ашиг тус нь их байх болно. Мөн хэрэглэгчиддээ эрчим хүчний үнэ цэнийг ойлгуулах, сурталчилгааны томоохон ажлууд хийхээр төлөвлөж байна.</p>\r\n<p style=\"text-align: justify;\"><span>-Гадны хөрөнгө оруулалтыг татаж техник технологио шинэчлэх боломж танай салбарынханд бий юу. Ер нь эрчим хүчний салбарыг гадаадын хөрөнгө оруулагчид хэр сонирхдог юм бол?</span></p>\r\n<p style=\"text-align: justify;\">-Нэг үеэ бодоход эрчим хүчний салбар хүндэрлээс гарсан. Гал алдахгүйн тулд гадны зээл тусламжид л найддаг үе бидэнд байсан гэдгийг нуух шаардлагагүй. Харин сүүлийн жилүүдэд салбарын эдийн засаг харьцангуй сайжирч байна, эрх зүйн орчныг бүрдүүлж өгснөөр гадны хөрөнгө оруулагчид Монгол улсын эрчим хүчний салбарыг сонирхож байна. Эрчим хүчний эх үүсвэр барих асуудлыг концессоор ч юм уу эсвэл цэвэр гадаад, дотоодын хөрөнгө оруулалтаар шийдэх, техник технологио шинэчлэх боломж бий. Төрөөс эрчим хүчний талаар баримтлах бодлогод эрчим хүчний салбар нь хувийн хэвшилд тулгуурласан, төрийн зохицуулалттай, чөлөөт зах зээлд шилжинэ гээд томъёолчихсон. Энэ бол манай салбарын хөгжлийн гол бодлого. Эрчим хүчний үйлдвэрлэл, түгээлт хангалтын сүлжээ цаашдаа хувьд шилжинэ, 110 кВт-аас дээш дамжуулах сүлжээ л төрийн мэдэлд байх юм. Эрчим хүч ашигтай бизнес учраас гадаад, дотоодын ямар ч хөрөнгө оруулалт энэ салбарт дуртайяа орж ирнэ.</p>\r\n<p style=\"text-align: justify;\"><span>-Эрчим хүчний үнэ чөлөөлөх ёстой, ёсгүй гэсэн маргаан олон жил үргэлжилж байна. Энэ тал дээр таны байр суурийг сонсъё?</span></p>\r\n<p style=\"text-align: justify;\">-Дэлхийд эрчим хүчний үнээ чөлөөлсөн ямар ч улс байхгүй. Эрчим хүчнийх нь үнэ төрөөс зохицуулалттай, тодорхой хяналтанд байдаг. Тэгэхээр үнэ чөлөөлнө гэсэн асуудал яригдах үндэслэл, боломж байхгүй.</p>\r\n<p style=\"text-align: justify;\"><span>-Энэ онд эрчим хүчний салбарт томоохон хувьчлал явагдана. Салбарын хүний хувьд хувьчлал дээр юуг анхаарах ёстой гэж бодож байна?</span></p>\r\n<p style=\"text-align: justify;\">-Эрчим хүчний дамжуулах сүлжээ төрийн мэдэлд байна гэж хуульчилсан. Тиймээс дамжуулах сүлжээ төрийн мэдэлд байх нь тодорхой. Харин эрчим хүчний үйлдвэрлэл, түгээх, хангах сүлжээг хувьчлах ёстой. Эрчим хүчний тухай хууль 2000 онд батлагдаж, энэ салбар зах зээлийн харилцаанд шилжих процесс эхэлсэн. Төрийн өмчийн улсын үйлдвэрийн газруудыг 2001 онд төрийн өмчийн хувьцаат компани болгож, бүтцийн өөрчлөлт хийсэн. Дараа нь хувьчлалын ажлууд явагдах учиртай байсан л даа. Гэтэл тэр цагаас хойш Дархан Сэлэнгийн цахилгаан түгээх сүлжээ гэсэн ганцхан байгууллагыг хувьчилсан. Миний хувьд эрчим хүчний салбарын хувьчлалын ажил удаашралтай байна гэж хардаг. Эрчим хүчний салбарын хувьчлалыг үе шаттай хийх ёстой. Ялангуяа түгээх сүлжээг хувьчлах нь ашигтай. Үүнийг Дархан Сэлэнгийн цахилгаан түгээх сүлжээ ХХК-ынхан үйл ажиллагаагаараа нотолж, салбартаа шилдгээр шалгарсан.</p>\r\n<p style=\"text-align: justify;\"><span>-Хувьчлал явагдаад ирэхээр эрчим хүчний салбар зах зээлийн харилцаанд зугуухандаа шилжээд явж таарна. Шилжих процесст анхаарах асуудлууд мэдээж бий байх...?</span></p>\r\n<p style=\"text-align: justify;\">-Эрчим хүчний зохицуулах хороо эрчим хүчний үйлдвэрлэх, дамжуулах, түгээх, хангах диспетчерийн зохицуулалт хийх, бүх зүйл дээр тусгай зөвшөөрөл өгдөг. Хамгийн түрүүнд анхаарах зүйл гэвэл тусгай зөвшөөрлийн нөхцөл шаардлага хатуу байх ёстой. Нөгөө талд нь тогтоож буй үнэ тариф бодитой байх учиртай. Хэрэглэгчдэдээ аль болох ачаалал өгөхгүй, хэрэглэгчийн эрх ашгийг дээдэлсэн үйл ажиллагаа явуулах нь л амин чухал асуудал. Үүн дээр Эрчим хүчний зохицуулах хороо хяналт тавьж ажиллана.</p>\r\n<p style=\"text-align: justify;\"><span>-Цахилгааныхаа хэрэглээг дотоодоосоо бүрэн хангах боломж хэр байдаг юм бол. Өөдрөгөөр харахад хэдэн жилийн дараагаас бусдаас эрчим хүч авахгүйгээр дотооддоо цахилгаанаа үйлдвэрлэдэг болох вэ?</span></p>\r\n<p style=\"text-align: justify;\">-Монгол улс жилдээ таван тэрбум кВт.цаг, экспорттойгоо нийлвэл зургаа орчим тэрбум кВт.цаг цахилгаан хэрэглэж байна. Ингээд тооцохоор нийт хэрэглээнийхээ 90 орчим хувийг өөрсдөө үйлдвэрлэдэг гэсэн үг. Сүүлийн үед эдийн засгийн хямрал нөлөөлсөн болоод тэр байх, хэрэглээ багассан. Хэрэглээ буурч, импортлохгүйгээр дотоодынхоо хэрэгцээг хангаж байна. Ер нь 3-5 жилийн дотор дотоодын хэрэглээний цахилгаанаа өөрсдөө үйлдвэрлэх боломжтой болно. Цаашдаа эрчим хүч экспортлогч орон болох бүрэн боломжтой.</p>\r\n<p style=\"text-align: justify;\">Эх сурвалж: Өдрийн сонин</p>',1,1),(9,'ХӨНГӨЛӨЛТӨД ХАМРАГДАХ АЙЛ ӨРХҮҮДИЙН АНХААРАЛД','hnglltd-hamragdah-ajl-rhdijn-anhaarald','2017-01-13 07:50:18.815694','2017-01-13 08:14:49.069660','129_khoroo.jpg','published','Монгол Улсын Засгийн газраас агаарын бохирдлыг бууруулах ажлын хүрээнд нийслэлийн гэр хорооллын айл өрхийн ахуйн болон халаалтын зориулалтаар хүйтний улиралд орой, шөнийн цагт хэрэглэсэн цахилгааны тарифыг 100 хувь хөнгөлсөн билээ. Шөнийн тарифыг оройн 21 цагаас өглөөний 6 цаг хүртэл тэглэх бөгөөд энэ оны нэгдүгээр сарын 1-ний өдрөөс ирэх дөрөвдүгээр сарын 1 хүртэлх хугацаанд үргэлжилнэ.','<p><span>Хөнгөлөлтөд хамрагдах айл өрх нь:</span></p>\r\n<p>- Хүйтний улирлын орой, шөнийн цагт зөвхөн ахуйн хэрэгцээнд болон оршин сууж байгаа гэр, сууцаа халаах зориулалтаар цахилгаан хэрэглэнэ.</p>\r\n<p>- Стандартын шаардлага хангасан баталгаажсан тарифт электрон тоолуур, цахилгаан хэрэгсэлтэй байх бөгөөд цахилгааны болон галын аюулгүй ажиллагааг хангасан байна.</p>\r\n<p>- &nbsp;Хөнгөлөлт эдлэхээс өмнө хэрэглэсэн цахилгаан эрчим хүчний хуримтлагдсан өр төлбөргүй байна.</p>\r\n<p>- &nbsp;Ахуйн хэрэгцээнд орой, шөнийн цагт хэрэглэх цахилгааны сарын дээд хязгаар:</p>\r\n<p>&nbsp; 220В-ийн хэрэглэгч 700 кВт.ц</p>\r\n<p>&nbsp; 380В-ийн хэрэглэгч 1500 кВт.ц байна.&nbsp;</p>\r\n<p>&nbsp;</p>\r\n<p><span>Танд зөвлөе</span></p>\r\n<ul>\r\n<li>Эвдрэл, гэмтэлтэй залгуур, унтраалга, олон залгаастай оруулгын утас зэргийг даруй шинэчлэх</li>\r\n<li>Цахилгаан хэрэгслээ залгуураар нь салгаж хэвших, олноор нь зэрэг залгахгүй байх</li>\r\n<li>Үйлдвэрийн баталгаа, гэрчилгээтэй халаагуур&nbsp; сонгох</li>\r\n<li>Тоолуурын хайрцагнаас гэр, байр руу орсон утас халах, шалбарах, богино холбоо үүсэх, шатах, гал гарахаас сэргийлэн шалгаж байх</li>\r\n<li>Холхинодог, гэмтэлтэй залгуур, унтраалгыг даруй шинэчлэх</li>\r\n<li>Цахилгааны утсыг унь, тооно, ор, ханын толгойд ороохгүй байх</li>\r\n<li>Дамранд ороолттой урт залгуурыг ашиглах тохиолдолд утсыг бүрэн хөвж, эрчлээг нь гаргасны дараа хэрэглэх</li>\r\n</ul>\r\n<p>Мөн гэр, сууцны цахилгааны дотоод монтажийг заавал мэргэжлийн хүнээр хийлгэх эсвэл хянуулах нь болзошгүй эрсдлээс хамгаална. Айл өрхийн цахилгаан хэрэглээ нь 25А-ын автоматын даах чадлаар хязгаарлагддаг. Цахилгааны оруулгын зэс утас 2*4&nbsp;<span>мм<span>2</span></span>, хөнгөн цагаан утас 2*6 мм<span>2</span>-аас дээш голчтой байвал тохиромжтой. Бусад мэргэжлийн зөвлөгөөг УБЦТС ТӨХК-ийн харьяа Хэрэглэгчдэд үйлчлэх төвөөс болон 70047004 утсаар авах боломжтой.</p>\r\n<p>&nbsp;</p>\r\n<p style=\"text-align: center;\">УЛААНБААТАР ЦАХИЛГААН ТҮГЭЭХ СҮЛЖЭЭ ТӨХК</p>\r\n<p style=\"text-align: center;\">Утас: 70047004</p>\r\n<p style=\"text-align: center;\">Цахим үйлчилгээ&nbsp;<a href=\"http://my.tog.mn/\">http://my.tog.mn</a></p>\r\n<p style=\"text-align: center;\">&nbsp; &nbsp; &nbsp; &nbsp; &nbsp; &nbsp; &nbsp; Цахим хуудас:&nbsp;<a href=\"http://www.tog.mn/\">www.tog.mn</a></p>',1,1),(10,'ГЭР ХОРООЛЛЫН ӨРХИЙН ЦАХИЛГААНЫ ШӨНИЙН ТАРИФЫГ 21-06 ЦАГТ ТЭГЛЭНЭ','ger-horoollyn-rhijn-cahilgaany-shnijn-tarifyg-21-06-cagt-teglene','2017-01-13 07:51:18.007029','2017-01-13 08:14:27.552493','129_khoroo.jpg','published','Улаанбаатар хотын агаарын бохирдлыг бууруулах зорилгын хүрээнд Засгийн газрын хуралдаанаас гаргасан шийдвэрийн дагуу Эрчим хүчний зохицуулах хороо 2016 оны арванхоёрдугаар сарын 28-ны өдөр хуралдаж, нийслэлийн гэр хорооллын хоёр тарифт тоолууртай айл өрхийн шөнийн тарифыг тэглэх тогтоол гаргасан. 2017 оны эхний өдрөөс хэрэгжиж буй энэ шийдвэрийн талаар Улаанбаатар цахилгаан түгээх сүлжээ ТӨХК-ийн Борлуулалтын бодлогын хэлтсийн дарга Ц.Энхсайханаас тодрууллаа.','<p style=\"text-align: justify;\">Нийслэлийн гэр хорооллын 146 мянган хэрэглэгчдэдээ цахилгаан эрчим хүчээр хангадаг. Үүний 90 орчим хувь буюу 120 мянга гаруй өрх хоёр тарифт тоолууртай. Өнөөдрөөс хэрэгжиж буй Засгийн газрын тогтоолд 120 мянга гаруй өрх хамрагдах боломжтой байна. Бусад хэрэглэгчийн хувьд өдөр шөнийн тарифтай тоолуур худалдан авч тавьснаар энэхүү хөнгөлөлтөд хамрагдах боломжтой болно. Нийт 120 мянган айл өрхийн 6 мянга нь цахилгааны халаагуурын асуудлаа шийдсэн байна.</p>\r\n<p style=\"text-align: justify;\">Энэхүү Засгийн газрын энэ тогтоол нэгдүгээр сарын 01-нээс дөрөвдүгээр сарын 01 хүртэл хэрэгжих бөгөөд оройн 21:00 цагаас өглөөний 06:00 цагийн хооронд цахилгаан эрчим хүчийг үнэ төлбөргүй хэрэглэх юм.</p>\r\n<p style=\"text-align: justify;\">Хөнгөлөлтөд хамрагдах айл өрхүүд хэрэглэсэн цахилгаан эрчим хүчний өргүй байх, стандартын шаардлага хангасан баталгаажсан шөнийн тарифт электрон тоолууртай байх шаардлагатай. Одоогоор энгийн тоолууртай 20 мянга гаруй хэрэглэгч байна. Барилгын худалдааны төвүүдээр Стандарт хэмжил зүйн газраас туршилтад орсон баталгаажсан тоолуурыг 80 орчим мянган төгрөгөөр худалдаалж байна.</p>\r\n<p style=\"text-align: justify;\">Эрчим хүчний зохицуулах хорооны хурлаас \"Нийслэлийн гэр хорооллын айл өрхөд цахилгааны хөнгөлөлт үзүүлэх журам&rdquo;-ын дагуу дамжуулах, түгээх сүлжээний хүчин чадал, техникийн боломжоос хамааруулан цахилгаан эрчим хүчний хэрэглээний дээд хязгаарыг 220В-ын хэрэглэгчид 700 кВт.ц, 380В-ын хэрэглэгчид 1500 кВт.ц байхаар тогтоожээ&nbsp;<span>гэж Засгийн газрын Хэвлэл мэдээлэл, олон нийттэй харилцах хэлтсээс мэдээллээ.&nbsp;</span></p>',1,1),(11,'ЦАХИЛГААНЫ УТАСНЫ ДААЦЫГ ХЭТРҮҮЛВЭЛ ГАЛЫН АЮУЛТАЙ','cahilgaany-utasny-daacyg-hetrlvel-galyn-ayuultaj','2017-01-13 07:52:00.719820','2017-01-13 08:14:03.605541','129_khoroo.jpg','published','Цахилгаан хэрэглээний даацыг хэтрүүлвэл галын аюултай тул эрүүл мэнд, эд хөрөнгөө эрсдлээс хамгаалж хэрэглээгээ ухаалгаар зохицуулна уу! Монгол Улсын Засгийн газраас нийслэлийн гэр хорооллын айл өрхийн цахилгааны шөнийн хэрэглээний үнийг 2017 оны 1 дүгээр сарын 1-ээс 4 дүгээр сарын 1-ний өдрийг хүртэлх хугацаанд тэглэсэнтэй холбогдуулан Танд зөвлөж байна. Хөнгөлөлтийг зөвхөн өдөр, шөнийн тарифт тоолууртай гэр хорооллын айл өрх эдэлнэ. Шөнийн тариф тооцох цаг 21:00 &ndash; 06:00.','<p style=\"text-align: justify;\">&bull; Халаагуурыг цахилгаан эрчим хүчний ачаалал багатай цагуудад буюу 21 &ndash; 06 цагийн хооронд хэрэглээрэй.</p>\r\n<p style=\"text-align: justify;\">- Айл өрхийн цахилгаан хэрэглээ нь автоматын даах чадлаар хязгаарлагддаг. Тиймээс автомат дахин дахин унах тохиолдолд мэргэжлийн байгууллагад даруй хандах<br />- Үйлдвэрийн баталгаа, гэрчилгээтэй халаагуур сонгох<br />- Гар хийцийн халаагуур, бойлуураас татгалзах<br />- Цахилгаан тоноглол, хэрэгслээр хүүхэд тоглох, оролдох нөхцөлийг бүрдүүлэхгүй байх</p>\r\n<p style=\"text-align: justify;\">&bull; Галын аюулаас урьдчилан сэргийлээрэй</p>\r\n<p style=\"text-align: justify;\">- Эвдрэл, гэмтэлтэй залгуур, унтраалга, олон залгаастай оруулгын утас зэргийг шинэчлэх&nbsp;<br />- Цахилгаан хэрэгслээ залгуураар нь салгаж хэвших, олноор нь зэрэг залгахгүй байх<br />- Тоолуурын хайрцагнаас гэр, байр руу орсон утас халах, шалбарах, богино холбоо үүсэх, шатах, гал гарахаас сэргийлэн шалгаж байх</p>\r\n<p style=\"text-align: justify;\">&bull; Эрүүл мэнд, эд хөрөнгөө хамгаалаарай</p>\r\n<p style=\"text-align: justify;\">- Ачаалал даахгүй утас сонгохгүй байх (зэс утас 2*4, хөнгөн цагаан утас 2*6-аас дээш голчтой бол тохиромжтой),&nbsp;<br />- Бүдүүн нарийн голчтой, хөнгөн цагаан, зэс утсыг хооронд нь холбож болохгүй<br />- Холхинодог, гэмтэлтэй залгуур, унтраалгыг даруй шинэчлэх<br />- Цахилгааны утсыг унь, тооно, ор, ханын толгойд ороож болохгүй<br />- Дамранд ороолттой урт залгуурыг ашиглах тохиолдолд утсыг бүрэн хөвж, эрчлээг нь гаргасны дараа залгах</p>\r\n<p style=\"text-align: justify;\">&bull; Гэр, байрны цахилгааны дотоод монтажийг заавал мэргэжлийн хүнээр хийлгэх эсвэл хянуулах нь болзошгүй эрсдлээс хамгаална.&nbsp;<br />Бусад мэргэжлийн зөвлөгөөг УБЦТС ТӨХК-ийн Хэрэглэгчдэд үйлчлэх төвд биеэр болон 70047004 утсаар авах боломжтой.</p>\r\n<p style=\"text-align: justify;\">&nbsp;</p>\r\n<p style=\"text-align: justify;\">Ухаалаг хэрэглэгч Танд баярлалаа.</p>',0,1),(12,'П.ГАНХҮҮ: ТАРИФТ ТООЛУУРТАЙ АЙЛУУД Л ШӨНИЙН ЦАХИЛГААНЫ ТӨЛБӨРӨӨ ТЭГЛҮҮЛНЭ','pganh-tarift-tooluurtaj-ajluud-l-shnijn-cahilgaany-tlbr-tegllne','2017-01-13 07:52:35.864852','2017-01-13 08:13:35.314273','129_khoroo.jpg','published','Эрчим хүчний сайд П.Ганхүүгээс дараах тодруулгыг авлаа.','<p style=\"text-align: justify;\"><span>-Ирэх нэгдүгээр сарын 1-нээс гэр хорооллын айлуудын шөнийн цахилгааны төлбөрийг тэглэхээр болсон. Хэддүгээр сар хүртэл тэглэх юм бэ?</span></p>\r\n<p style=\"text-align: justify;\">-Арваннэгдүгээр сарын 1-нээс гуравдугаар сарыг дуустал гэр хорооллын шөнийн цахилгааны төлбөрийг 50 хувиар хөнгөлдөг.&nbsp;Энэ одоо ч хэвээрээ байгаа. Харин одоо агаарын бохирдол бүр гамшигийн хэмжээнд хүрсэн учраас&nbsp;шөнийн цахилгааны төлбөрийг ирэх нэгдүгээр сарын 1-нээс гуравдугаар сарыг дуустал тэглэхээр болсон.&nbsp;Зөвхөн 2017 онд ч биш цаашдаа жил бүр ингэж хөнгөлөлт үзүүлнэ гэж төлөвлөсөн. Агаарын бохирдол гамшгийн хэмжээнд хүрсэн гэдэгтэй хүн болгон санал нэг байгаа байх. Энэ асуудлаар Засгийн газрын түвшинд бодитой арга хэмжээ авахаар дээрх шийдвэрийг Агаарын бохирдлыг бууруулах үндэсний хорооноос гаргасан.</p>\r\n<p style=\"text-align: justify;\"><span>-Хэдээс хэдэн цагийн хооронд тэглэх вэ?</span></p>\r\n<p style=\"text-align: justify;\">-Оройны 21.00 цагаас өглөөний 06.00 цагийн хооронд цахилгааны тарифыг тэглэнэ.&nbsp;Ингэснээр гэр хорооллын айлууд шөнө цахилгаанаар гэрээ халаах боломжтой болно. Гэхдээ техникийн хязгаарлагдмал нөхцөл байдалд байгаа гэдгээ иргэд анхаарах хэрэгтэй. Өөрөөр хэлбэл, шугам сүлжээний ачаалал даах чадвар нь тодорхой хязгаартай учраас ямар хэмжээний хэрэглээг нь тэглэх вэ гэдгийг тодорхойлсон журам гаргаж зохицуулна. Бүх хэрэглээг нь хязгааргүй болгох боломжгүй гэдгийг сайн ойлгох хэрэгтэй.</p>\r\n<blockquote>\r\n<p>Шөнийн цахилгааны төлбөрийг ирэх нэгдүгээр сарын 1-нээс гуравдугаар сарыг дуустал тэглэхээр болсон.&nbsp;Зөвхөн 2017 онд ч биш цаашдаа жил бүр ингэж хөнгөлөлт үзүүлнэ гэж төлөвлөсөн.</p>\r\n</blockquote>\r\n<p style=\"text-align: justify;\"><span>-Нэгдүгээр сарын 1-нээс гэр хорооллын бүх айл гэрээ цахилгаанаар халаалж эхэллээ гэж тооцоход цахилгаан дамжуулах сүлжээ ачааллаа даахгүй гэсэн үг үү?</span></p>\r\n<p style=\"text-align: justify;\">-Бүх айл нэгэн зэрэг цахилгаанаар гэрээ халаагаад эхлэхгүй нь ойлгомжтой. Гэхдээ бид бэлтгэл ажлаа сайн хангаж байгаа. Нэг айл цагт 1.7-2 кВт-ын ачаалал үүсгэнэ гэсэн тооцсон. Энэ хэмжээнд ачаалал даах чадвартай. Оргил ачааллын үе буюу 18.00-20.00 цагтай давхцахгүй учраас техникийн хувьд боломжтой.</p>\r\n<p style=\"text-align: justify;\"><span>-Гэр хорооллын айл өрхүүд цахилгааны тоолуураа сольж байж шөнийн хэрэглээгээ тэглүүлнэ гэсэн мэдээлэл байсан. Энэ үнэн үү?</span></p>\r\n<p style=\"text-align: justify;\">-Нийтдээ тийм асуудал гарахгүй. Улаанбаатар хотын хэмжээнд 146 мянган хэрэглэгч бий. Үүний 112 мянга орчим нь тарифт тоолууртай. Шууд шөнийн цахилгааны хэрэглээгээ тэглүүлэх боломжтой гэсэн үг. Үлдсэн 30 гаруй мянган хэрэглэгч энгийн тоолуураа тарифт тоолуураар солих шаардлагатай. Хэрэглэгчид өөрсдөө энэ асуудлаа шийдэх боломжтой гэж үзэж байгаа. Ер нь хэрэглэгчид маань аюулгүй байдлаа хангах үүднээс мэргэжлийн байгууллагаас зөвлөгөө авах хэрэгтэй. Улаанбаатар цахилгаан түгээх сүлжээ компани холбогдох заавар, зөвлөмжөөр хангаж ажиллана.</p>\r\n<blockquote>\r\n<p>&nbsp;Агаар бохирдуулж байгаа хэмжээгээрээ жагсаавал гэр хороолол, авто машин, нам даралтын зуух, цахилгаан станц гэсэн дараалалтай&nbsp;байдаг. Цахилгаан станцууд бүгдээрээ яндандаа шүүлтүүртэй. &nbsp;</p>\r\n</blockquote>\r\n<p style=\"text-align: justify;\"><span>-Гэр хорооллын айлуудын шөнийн цахилгааны үнийг чөлөөлснөөр улсынтөсөв хэдий хэмжээний алдагдалд орох вэ?</span></p>\r\n<p style=\"text-align: justify;\">-26 орчим тэрбум төгрөгийн асуудал үүсч байгаа.</p>\r\n<p style=\"text-align: justify;\"><span>-Ирэх оны төсөвт энэ мөнгө суугаагүй шүү дээ. Засгийн газар төсвийн энэ алдагдлыг хаанаас нөхнө гэж тооцсон бэ?</span></p>\r\n<p style=\"text-align: justify;\">-Мэдээж тооцоо судалгаатай л шийдвэр гаргаж байгаа шүү дээ. Бид энэ шийдвэрийг хэрэгжүүлэхээс өөр арга зам байхгүй. Хөрөнгө мөнгөгүй гээд суугаад байвал бид юу ч хийж чадахгүй л дээ. &nbsp;</p>\r\n<p style=\"text-align: justify;\"><span>-Гэр хорооллын утаанаас гадна цахилгаан станцуудын агаарын бохирдолд эзлэх жин ямар хэмжээнд байгаа вэ?</span></p>\r\n<p style=\"text-align: justify;\">-Цахилгаан станцуудын яндагаас гарч байгаа утаа агаарын бохирдолд бага жин дардаг. Агаар бохирдуулж байгаа хэмжээгээрээ жагсаавал гэр хороолол, авто машин, нам даралтын зуух, цахилгаан станц гэсэн дараалалтай&nbsp;байдаг. Цахилгаан станцууд бүгдээрээ яндандаа шүүлтүүртэй. &nbsp;</p>\r\n<p style=\"text-align: justify;\">&nbsp;</p>\r\n<p style=\"text-align: justify;\">eagle.mn</p>',4,1),(13,'ЕРӨНХИЙ САЙД Ж.ЭРДЭНЭБАТ: ШИНЭ ОНЫ ЭХНИЙ ӨДРӨӨС ГЭР ХОРООЛЛЫН АЙЛ ӨРХИЙН ЦАХИЛГААНЫ ШӨНИЙН ТАРИФЫГ ТЭГЛЭНЭ','ernhij-sajd-zherdenebat-shine-ony-ehnij-drs-ger-horoollyn-ajl-rhijn-cahilgaany-shnijn-tarifyg-teglene','2017-01-13 08:19:16.519857','2017-01-13 08:19:16.519857','11.jpg','published','Утаа багатай зуух, утаа багатай түлш л үйлдвэрлэж байж. Зуух ч утаа гаргана, түлш ч утаа гаргана. Тийм учраас агаарын бохирдол буурахгүй байна. Ганц түлш, зуухтай ноцолдоод ямар ч үр дүн үзүүлэхгүй байна. Тиймээс өнөөдөр Улаанбаатарын утаа ийм хэмжээнд хүрч, нийгэмд бухимдал үүсээд байна. Агаарын бохирдлыг бууруулах асуудлыг ганц нэгхэн ажлаар шийдвэрлэж чадахгүй. Тиймээс Засгийн газраас хэд хэдэн чиглэл барьж, бодитой арга хэмжээ авч ажиллана.','<p style=\"text-align: justify;\">Монгол Улсын Ерөнхий сайд Ж.Эрдэнэбат агаарын бохирдлыг бууруулах асуудлаар өнөөдөр товч мэдээлэл хийлээ.</p>\r\n<p style=\"text-align: justify;\">Тэрээр,</p>\r\n<p style=\"text-align: justify;\">-Үе үеийн Засгийн газар агаарын бохирдлыг бууруулах чиглэлээр бодлого гаргаж ажилласан ч үр дүн нь хангалттай байсангүй. Агаарын бохирдлын эсрэг ямар ажил, арга хэмжээ зохион байгуулсан, ямар үр дүн гарсан, гадаадын ямар байгууллагатай хамтарч ажилласан зэрэг судалгааг гаргаж үзлээ. Огт ажил хийгээгүй гэж болохгүй ээ, хийж хэрэгжүүлсэн ажил нэлээд байна. Гэхдээ л Улаанбаатар хотын хэмжээнд агаарын бохирдлыг ингээд бууруулчих бололцоотой юм гэсэн баримт бичиг алга байна. Иймээс Шинжлэх ухааны академид хандаж, эрдэмтэн судлаачдаа энэ асуудалд оролцооч &nbsp;гэсэн хүсэлт тавилаа. Эрдэмтэд маань нааштай хүлээж авсан. Халаалтын системийг хэрхэн боловсронгуй болгох, хямд зардлаар дулаан үйлдвэрлэх ямар боломж байна судлаач гэсэн.&nbsp; Энэ чиглэлээр шинэ бүтээл гаргаж, зохиогчийн эрх авсан хувь хүн, аж ахуйн нэгж байна. Харамсалтай нь тэдний санаачилга огт хэрэгжиж байгаагүй юм байна. Утаа багатай зуух, утаа багатай түлш л үйлдвэрлэж байж. Зуух ч утаа гаргана, түлш ч утаа гаргана. Тийм учраас агаарын бохирдол буурахгүй байна. Ганц түлш, зуухтай ноцолдоод ямар ч үр дүн үзүүлэхгүй байна. Тиймээс өнөөдөр Улаанбаатарын утаа ийм хэмжээнд хүрч, нийгэмд бухимдал үүсээд байна.</p>\r\n<p style=\"text-align: justify;\">Агаарын бохирдлыг бууруулах асуудлыг ганц нэгхэн ажлаар шийдвэрлэж чадахгүй. Тиймээс Засгийн газраас хэд хэдэн чиглэл барьж, бодитой арга хэмжээ авч ажиллана.</p>\r\n<p style=\"text-align: justify;\"><span>Нэгдүгээрт,</span>&nbsp;Гэр хорооллыг орон сууцжуулна. Богино хугацаанд орон сууцжуулахад хүнд. БНХАУ-ын Төрийн зөвлөлийн Ерөнхий сайдын Монголд айлчлах үеэр яригдсан тусламжийн хөрөнгөөр орон сууц барих газрыг чөлөөлөх&nbsp; ажлыг зохион байгуулна.</p>\r\n<p style=\"text-align: justify;\"><span>Хоёрдугаарт</span>, Өнөөдөр манайд хийн түлш алга. Тиймээс бидэнд байгаа гарц бол цахилгаанаар дулаан үйлдвэрлэх. Агаарын бохирдлыг бууруулах Үндэсний зөвлөлийн хурлаар гэр хорооллын айл өрхийн шөнийн цахилгааны үнийг тэглэх шийдвэр гаргасан. Цахилгаанаар дулаан үйлдвэрлэхэд одоогийн байгаа технологи, тоног төхөөрөмж хангалтгүй. Ийм учраас эрдэмтдэдээ хандсан, хямд өртөгтэй цахилгаанаар дулаан үйлдвэрлээч гэсэн хүсэлт тавьсан. Монгол толгойгоо, нөөц бололцоогоо ашиглая.</p>\r\n<p style=\"text-align: justify;\"><span>Гуравдугаарт,</span>&nbsp;Орон нутагт амьдарч буй иргэдийн амьжиргааны эх үүсвэр алдагдсанаас Улаанбаатарын хүн ам нэмэгдсэн. Тухайлбал, агаарын бохирдлыг бууруулахад 130-140 тэрбум төгрөг зарцуулсан байна. Энэ хөрөнгөөр иргэдээ малжуулж, орон нутагт амьдрах боломж нөхцөлийг бий болгосон бол өнөөдөр олон мянган иргэн орон нутагт амьдрах эх үүсвэртэй, Улаанбаатарт ачаалал нэмэхгүй боломж байсан. Энэ ажлыг төвлөрлийг сааруулах хүрээнд шийдэж болох байсан юм болов уу. Ядуурал, агаарын бохирдлыг бууруулах зэрэг асуудлын хүрээнд иргэдийг малжуулж, орон нутагт амьдрах нөхцөл боломжоор хангах ажлыг хийнэ.</p>\r\n<p style=\"text-align: justify;\">Дөрөвдүгээрт, агаарын бохирдлыг бууруулахад иргэдийн хяналт, тэдний санаачилга чухал гэж Ерөнхий сайд Ж.Эрдэнэбат ярилаа.</p>\r\n<p style=\"text-align: justify;\">-2017 онд агаарын бохирдлыг бууруулахад 4 тэрбум орчим төгрөг төсөвлөсөн. Утаагүй зуух нэлээдийг захиалаад үйлдвэрлүүлсэн байна. Захиалаад хийлгэсэн учраас тухайн аж ахуйн нэгжээс зуухыг худалдаж авахаас аргагүй. Харин цаашид Засгийн газар зуух, түлш шинэчилж агаарын бохирдлыг бууруулах ажил хийхгүй. Цахилгаанаар, хийгээр дулаан үйлдвэрлэдэг технологид шилжинэ. Эхний ээлжинд гэр хорооллын өрхийн шөнийн тарифыг тэглэнэ. Агаарын бохирдлыг бууруулах төсвийн 80 орчим хувь нь цахилгааны шөнийн тарифыг тэглэх, алдагдлыг санхүүжүүлэх зэрэгт зарцуулагдана гэж Ерөнхий сайд Ж.Эрдэнэбат сэтгүүлчдийн асуултад хариулахдаа хэллээ&nbsp;<span>Засгийн газрын Хэвлэл мэдээлэл, олон нийттэй харилцах хэлтсээс мэдээллээ.</span></p>\r\n<p style=\"text-align: justify;\">Эх сурвалж: Zasag.mn</p>',15,1),(14,'Өвлийн улиралд газар шорооны ажил хийхгүй байхыг үүрэг болгов','vlijn-ulirald-gazar-shoroony-azhil-hijhgj-bajhyg-reg-bolgov','2017-01-14 11:00:41.164549','2017-01-14 11:00:41.164612','IMG_9196.JPG','published','Улаанбаатар хотын Ерөнхий менежерТ.Гантөмөр нийслэлийн эрчим хүчний хангамжийн байгууллагуудад өвлийн горимд шилжсэнээс хойш шугам сүлжээг засварлах зорилгоор газар шорооны ажил хийхгүй байхыг үүрэг болгосон тул аж ахуйн нэгж, иргэдээс аливаа засвар, өргөтгөл хийх зорилгоор инженерийн шугам сүлжээг гэмтээхгүй байхыг хүсч байна.','<p style=\"text-align: justify;\">Улаанбаатар цахилгаан түгээх сүлжээ ТӨХК нь ашиглалтын шугам тоноглолдоо хийх их, урсгал засвар болон хөрөнгө оруулалтын 2016 оны ажлуудаа графикт хугацаандаа дуусгаж, өвөлжилтийн бэлтгэл ажлаа 100 хувь хангаад байна. Тиймээс өвлийн улирлын оргил ачааллын үе эхэлж байгаатай холбогдуулан айл өрх, аж ахуйн нэгж хэрэглэгч та бүхэнд цахилгаан эрчим хүчийг үр ашигтай, ухаалгаар хэрэглэхээс гадна холбогдсон цахилгаан дамжуулагч утас, тоноглолын даацаас хэтэрсэн ачааллыг үүсгэхгүй байх, галын болон бусад аюулгүй байдлыг хангасан цахилгаан халаагуур ашиглахыг зөвлөе.</p>\r\n<p><img style=\"width: 700px; height: 986px; display: block; margin-left: auto; margin-right: auto;\" src=\"http://ub.tog.mn/uploads/images/2578.jpg\" alt=\"\" /></p>',49,1),(15,'ҮҮРЭГ ХҮЛЭЭСЭН ХЭРЭГЛЭГЧИД ЭРЧИМ ХҮЧНИЙ ҮР АШИГГҮЙ ХЭРЭГЛЭЭГЭЭ БУУРУУЛЖ АЖИЛЛАНА','reg-hleesen-hereglegchid-erchim-hchnij-r-ashiggj-heregleegee-buuruulzh-azhillana','2017-01-19 08:37:52.782017','2017-01-19 08:38:14.416292','ddd.jpg','published','Эрчим хүчийг хэмнэх, үр ашигтай хэрэглэхтэй холбогдон үүссэн харилцааг зохицуулах зорилготой “Эрчим хүч хэмнэлтийн тухай хууль” 2015 оны 11 дүгээр сарын 26-ны өдөр УИХ-аар батлагдсан. Энэ хуулийн дагуу Засгийн газраас “Үүрэг хүлээсэн хэрэглэгчийн босго хэмжээг тогтоох тухай” журам батлагдаж, Үүрэг хүлээсэн хэрэглэгчээр эрчим хүчний өндөр хэрэглээтэй 120 орчим байгууллага ажиллахаар болж байна.','<p style=\"text-align: justify;\">Өчигдөр Эрчим хүчний зохицуулах хороо, Германы олон улсын хамтын ажиллагааны нийгэмлэгийн &ldquo;Эрчим хүчний системийн үр ашиг&rdquo; төсөл болон &ldquo;Интегрейшн И-И&rdquo; ХХК хамтран &ldquo;Эрчим хүч хэмнэлтийн удирдлага ба түүний үр ашиг&rdquo; сэдэвт сургалтыг Улаанбаатар хотноо&nbsp; зохион байгууллаа. Энэхүү сургалтад эрчим хүчний&nbsp; хэрэглээ өндөртэй 110 байгууллагын&nbsp; удирдлага, инженер техникийн 150 гаруй ажилтан хамрагдсан юм.&nbsp;</p>\r\n<p style=\"text-align: justify;\">&ldquo;Эрчим хүч хэмнэлтийн удирдлага ба түүний үр ашиг&rdquo; сургалтад ХБНГУ-аас олон улсын мэргэшсэн экспертүүд оролцож, &ldquo;Цахилгаан дулаан үйлдвэрлэх тоног төхөөрөмжийн эрчим хүч хэмнэлт&rdquo;,&nbsp; &ldquo;Эрчим хүчний хэрэгцээ болон хэрэглээг харьцуулах, дүн шинжилгээ хийх ерөнхий аргачлал&rdquo;, &ldquo;ISO50001 стандарт&rdquo; зэрэг&nbsp; олон сонирхолтой сэдвээр танилцуулга хийн, илтгэл тавилаа. Мөн&nbsp; Эрчим хүчний зохицуулах хорооны Ажлын албаны дарга Х.Эрдэнэчулуун Эрчим хүч хэмнэлтийн тухай хууль, 2016 оны Засгийн газрын 294, 295 дугаар тогтоолоор батлагдсан журам, эрчим хүч хэмнэлтийн менежерийн үндсэн&nbsp; үүрэг, Эрчим хүчний үр ашиг ба хэмнэлтийн тухай ерөнхий ойлголт, түүний үр өгөөжийн талаар танилцуулж, харилцан санал бодлоо солилцлоо.</p>\r\n<hr />\r\n<p style=\"text-align: justify;\"><img src=\"http://ub.tog.mn/uploads/images/14642755_900184053446947_1322334809_n(1).jpg\" alt=\"\" /></p>\r\n<p style=\"text-align: justify;\"><span>ЭХЗХ-ны Зохицуулагч&nbsp;</span><span>Д.БАССАЙХАН: 120 орчим томоохон аж ахуй нэгж&nbsp; үүрэг хүлээж ажиллана</span></p>\r\n<p style=\"text-align: justify;\">- Монгол Улс өөрсдөө эрчим хүч үйлдвэрлэж байгаа ч гаднаас өндөр үнээр эрчим хүч худалдаж авдаг улс. Жилээс жилд эрчим хүчний хэрэгцээ өсөн нэмэгдэж, нэмэгдэж байгаа хэрэгцээгээ дотооддоо үйлдвэрлэхийн тулд бүтээн байгуулалт, хөрөнгө оруулалтын ажлуудыг шат дараатай хийж байна. Гэхдээ эрчим хүчний үйлдвэрлэлийг нэмэгдүүлэхийн зэрэгцээ үйлдвэрлэсэн эрчим хүчээ хэмнэж, дотоод нөөц бололцоогоо ашиглах зайлшгүй шаардлага тулгарсан.&nbsp; Эрчим хүч хэмнэлтийн тухай хуультай болох талаар олон жилийн өмнөөс ярьж, тооцоо судалгаа хийн, хуулийн төсөл&nbsp; боловсруулж ажилласны үр дүнд өнгөрсөн оны арваннэгдүгээр сарын 26-ны өдөр УИХ-аар Эрчим хүч хэмнэлтийн тухай хууль батлагдсан. Хуулийн дагуу Эрчим хүчний зохицуулах хороон дээр Эрчим хүч хэмнэлтийн хэлтэс байгуулагдаад ажиллаж байна.</p>\r\n<p style=\"text-align: justify;\"><span>- Эрчим хүчний хэмнэлтийн тухай хуулийг хэрэгжүүлэх журмуудыг Засгийн газар баталсан. Яг ямар журмууд батлагдсан бэ?</span></p>\r\n<p style=\"text-align: justify;\">-Эрчим хүч хэмнэлтийн тухай хууль батлагдсантай холбогдуулан Эрчим хүчний зохицуулах хорооноос&nbsp; тодорхой журмуудыг боловсруулж Засгийн газрын тогтоолоор батлуулсан байгаа. Тодруулбал, &ldquo;Эрчим хүчний аудит хийх&rdquo;, &ldquo;Эрчим хүчний аудитын байгууллага болон эрчим хүчний мэргэжлийн байгууллагад тавих шаардлага, тэдгээрийг магадлан итгэмжлэх&rdquo;, &ldquo;Эрчим хүчний аудитор, эрчим хүч хэмнэлтийн менежер бэлтгэх сургалтыг зохион байгуулах, гэрчилгээ олгох, хүчингүй болгох&rdquo;, &ldquo;Үүрэг хүлээсэн хэрэглэгчийг тодорхойлох, үүрэг хүлээсэн хэрэглэгчийн эрчим хүч хэмнэх хөтөлбөр, төлөвлөгөө, тэдгээрийг боловсруулах аргачлал, хэрэгжилтийг тайлагнах&rdquo; гэсэн дөрвөн журмыг Засгийн газар баталсан.</p>\r\n<p style=\"text-align: justify;\"><span>- Дээрх хууль журмуудыг хэрэгжүүлэх ажлын явц хэр байна. Урьдчилсан тооцоогоор хичнээн аж ахуйн нэгж үүрэг хүлээж ажиллах вэ?</span></p>\r\n<p style=\"text-align: justify;\">-Засгийн газраас батлагдсан журмуудыг хэрэгжүүлэхэд шаардлагатай нарийвчилсан заавар, бусад баримт бичиг боловсруулж байна. Журмын дагуу аж ахуйн нэгж байгууллагын эрчим хүчний хэрэглээнээс хамаарч үүрэг хүлээх үү, үгүй юу гэдгийг тогтооно. Өөрөөр хэлбэл Засгийн газраас босго хэмжээг тогтоож өгсөн. Жишээлбэл жилдээ&nbsp; 5 сая кВт.ц болон түүнээс дээш хэмжээний эрчим хүч хэрэглэж байгаа уул уурхайн компани,&nbsp; 2 сая кВт.ц болон түүнээс дээш хэрэглээтэй үйлчилгээний газрууд&nbsp; үүрэг хүлээж, эрчим хүчийг үр ашигтай хэрэглэх төсөл арга хэмжээг компани дээрээ хэрэгжүүлж ажиллах юм. Одоогоор 120 орчим томоохон аж ахуйн нэгж&nbsp; үүрэг хүлээж ажиллахаар байна.</p>\r\n<hr />\r\n<p style=\"text-align: justify;\"><img src=\"http://ub.tog.mn/uploads/images/14642654_900182733447079_563498248_n.jpg\" alt=\"\" /></p>\r\n<p style=\"text-align: justify;\"><span>Эрчим хүчний үр ашиг төслийн удирдагч&nbsp;</span><span>БЁРН ВАЛШТЕДЬ: Эрчим хүчний үр өгөөжийг дээшлүүлэх чиглэлээр хамтран ажиллаж, олон зүйл хийхээр төлөвлөж байна</span></p>\r\n<p style=\"text-align: justify;\">&nbsp;</p>\r\n<p style=\"text-align: justify;\"><span>-Эрчим хүч хэмнэлтийн тухай хуультай хэр олон орон байдаг юм бэ?</span></p>\r\n<p style=\"text-align: justify;\">- Эрчим хүч хэмнэх нь байгал уур амьсгалын өөрчлөлтөнд эерэг нөлөө үзүүлдэг, эдийн засгийн өндөр ач холбогдолтой. Тиймээс дэлхий нийтээрээ эрчим хүч хэмнэх, уламжлалт эрчим хүчний эх үүсгүүрүүдээс татгалзах чиг хандлагатай байна. Өнөөдөр&nbsp; дэлхийн улс орнуудын 50-60 хувь нь Эрчим хүч хэмнэлтийн хуультай, бараг 80 орчим хувь нь төрийнхөө бодлогоор эрчим хүч хэмнэхийг дэмждэг.&nbsp;<br /><br />Монгол орон өнгөрсөн жил Эрчим хүч хэмнэлтийн тухай хуулийг баталсан нь томоохон алхам боллоо. Олон улсын туршлагаас харахад&nbsp; хууль эрх зүйн орчин бий болж байж, эрчим хүчний хэмнэлт хийх боломж нь бүрддэг юм. Энэ тал дээр ХБНГУ-ын Олон улсын хамтын ажиллагааны нийгэмлэг олон жилийн өмнөөс төсөл хөтөлбөр, судалгаа хийж, хамтран ажиллаж байна. Цаашдаа ч бид эрчим хүчний үр өгөөжийг дээшлүүлэх чиглэлээр хамтран ажиллаж, олон зүйл хийхээр төлөвлөж байна.</p>\r\n<p style=\"text-align: justify;\"><span>-Герман бол эрчим хүч хэмнэлтийн тухай хуультай орон. Мэдээж сайн туршлага олон байгаа байх?</span></p>\r\n<p style=\"text-align: justify;\">- ХБНГУ-ыг Монгол улстай харьцуулахад эрчим хүчний үнэ&nbsp; 2-3 дахин өндөр байдаг. Тиймээс Германд аж ахуйн нэгжүүд төдийгүй айл өрхүүд ч эрчим хүчний хэмнэлтэд онцгой анхаарч ажилладаг. Хэрэглэгчид цахилгаан бараа худалдан авахдаа эрчим хүчний хэмнэлтийг хамгийн түрүүнд сонирхдог. Нэгдсэн стандарт тогтоогоод бараа бүтээгдэхүүн дээр цахилгааны хэмнэлттэй эсэхийг нь тодорхойлсон, цагт хичнээн хэмжээний эрчим хүч хэрэглэх вэ гэдгийг нь зааж өгсөн шошго наадаг. Мөн байшин барилгын эрчим хүч хэмнэлтэд онцгой анхаардаг.&nbsp;<br /><br />Байшин барилга бүр өөрийн гэрчилгээтэй. Энэ гэрчилгээн дээр эрчим хүчний хэрэглээг нь тодорхойлоод тэмдэглэл хийдэг. Мэдээж бага эрчим хүч хэрэглэж байгаа барилга байшин илүү үнэ цэнэтэй. Монгол улсад эрчим хүчний хэмнэлтийн чиглэлээр арга хэмжээ авахдаа цахилгаан эрчим хүчнээс гадна&nbsp; барилга байшингийн дулаан алдагдалд&nbsp; анхаарах нь илүү үр дүнтэй.</p>\r\n<hr />\r\n<p style=\"text-align: justify;\"><img src=\"http://ub.tog.mn/uploads/images/14642840_900182760113743_189888677_n.jpg\" alt=\"\" /></p>\r\n<p style=\"text-align: justify;\"><span>ЭХЗХ-ны Эрчим хүч хэмнэлтийн хэлтсийн дарга&nbsp;</span><span>Ц.АТАРЖАРГАЛ:&nbsp;</span><span>Томоохон байгууллагуудын зардлын 30-40 хувийг эрчим хүч дангаараа эзэлдэг</span></p>\r\n<p style=\"text-align: justify;\">&nbsp;</p>\r\n<p style=\"text-align: justify;\"><span>-Ямар байгууллагууд үүрэг хүлээсэн хэрэглэгч болох вэ?</span></p>\r\n<p style=\"text-align: justify;\">-Хамгийн товчхондоо эрчим хүчний хэрэглээ өндөртэй байгууллагууд үүрэг хүлээж ажиллана. Засгийн газраас тогтоосон босго хэмжээг эрчим хүчний хэрэглээтэй нь харьцуулж үзэхэд төр болон хувийн хэвшлийн томоохон үйлдвэрийн газрууд, эрчим хүчний компаниуд, зарим их дээд сургууль, эмнэлгүүд багтаж байна. Бидний судалгаагаар эдгээр байгууллагуудын эрчим хүчний жилийн хэрэглээ тухайн байгууллагын зардлын 30-40 хувийг дангаараа эзэлдэг. Зарим байгууллагууд үүнээс ч илүү хувийг зарцуулж байна. Эрчим хүчний хэмнэлтийг хэрэгжүүлснээр жил бүр гардаг урсгал зардлаа бууруулах бүрэн боломжтой юм. Эдгээр байгууллагуудад техник технологио сайжруулж, шинэчлэх шаардлагатай. Мөн хаягдал дулааныг дахин ашиглах тал дээрээ анхаарах хэрэгтэй.</p>\r\n<p style=\"text-align: justify;\">Жишээ нь жилд уурхайн байгууллагууд&nbsp; 5 сая кВт-аас дээш хэрэглээтэй , жилдээ 6-7 тэрбум төгрөгийг эрчим хүчний төлбөрт зарцуулж байна. Эрчим хүчний хэрэглээ өндөртэй 120 гаруй аж ахуйн нэгж эрчим хүчний үр ашиггүй хэрэглээгээ 10 хувиар бууруулахад жилдээ 42.9 тэрбум төгрөг хэмнэх урьдчилсан тооцоо гарсан. Тиймээс&nbsp; Эрчим хүч хэмнэлтийн тухай хуулийг хэрэгжүүлэх нь байгал орчин, эдийн засагт өндөр ач холбогдолтой.</p>\r\n<p style=\"text-align: justify;\"><span>-Энэ хуулийн дагуу эрчим хүчний аудит, аудитор гэсэн шинэ нэр томьёо гарч ирж байгаа. Ямар хүн, ямар байгууллага эрчим хүчний&nbsp; аудит хийх эрхтэй вэ?</span></p>\r\n<p style=\"text-align: justify;\">-Эрчим хүч хэмнэлтийн тухай хуулийг хэрэгжүүлэхэд&nbsp; шаардлагатай гол хүний нөөц нь эрх, үүрэг бүхий Эрчим хүчний аудиторууд байх юм. Эрчим хүчний аудитор нь бидний мэдэх санхүүгийн аудитороос ялгаатай. Тэд тухайн хэрэглэгчийн эрчим хүчний хэрэглээнд дүн шинжилгээ хийж, яагаад их цахилгаан хэрэглэж байна, энэ хэрэглээг&nbsp; бууруулах ямар боломж байна вэ гэдгийг судалж, зардлын тооцоо судалгаа гаргаж, үйлчлүүлэгчид зөвлөгөө өгч ажиллана.&nbsp; Өөрөөр хэлбэл эрчим хүчний зардлыг бууруулах арга замыг олж, хэрэглэгчдэд зөвлөх үйлчилгээ үзүүлж ажиллах ёстой. Аудиторуудыг Эрчим хүчний зохицуулах хороо&nbsp; болон бусад мэргэжлийн сургалтын байгууллагууд хамтран сургаж, дадлагажуулж, үнэмлэх олгох юм. Энэ ажил одоо ид дундаа өрнөж байна.</p>\r\n<p style=\"text-align: justify;\"><span>-Үүрэг хүлээсэн хэрэглэгчид эрчим хүчний аудит хийлгээгүй, хууль тогтоомжийг дагаж мөрдөж ажиллаагүй бол ямар хариуцлага хүлээх вэ?</span></p>\r\n<p style=\"text-align: justify;\">-Журмын хүрээнд үүрэг хүлээсэн аж ахуйн нэгж, байгууллага нь 18 сарын дотор өөрийн эрчим хүчний хэрэглээнд эхний аудит хийлгэх үүрэгтэй. Ямар аудитороор аудит хийлгэхээ байгууллага өөрөө сонгож, гэрээ байгуулан ажиллах эрхтэй.Мэдээж хууль, тогтоомжийг мөрдөөгүй тохиолдолд&nbsp; тооцох хариуцлага бий. Энэ хариуцлага хүлээлгэх асуудлыг Эрчим хүч хэмнэлтийн тухай хуулийн 5 дугаар бүлэгт тодорхой тусгасан байна.</p>',1,1),(16,'НИЙСЛЭЛИЙН 6 ДҮҮРГИЙН 1562 АЙЛ ӨРХ ТОГ ЦАХИЛГААНД ХОЛБОГДЛОО','nijslelijn-6-drgijn-1562-ajl-rh-tog-cahilgaand-holbogdloo','2017-01-19 08:39:35.458525','2017-01-19 08:39:42.366910','eee.jpg','published','Улаанбаатар хотын хэмжээнд тог цахилгаангүй болон хүчдэлийн уналттай 10 мянга гаруй айл өрх бий гэсэн судалгаа бий. Эрчим хүчний яам үүнд гол бодлогоо чиглүүлэн ажиллаж байгаа бөгөөд өчигдөр нийслэлийн зургаан дүүргийн 1562 өрх айлыг эхний ээлжинд тог цахилгаанд холбосон байна. Үүнд Сонгинохайрхан дүүргийн 22, 24, 26, 28, 30, 31, Баянзүрх дүүргийн 21, 27, Хан-Уул дүүргийн 12, 14, Сүхбаатар дүүргийн 14,16, 17, 20, Чингэлтэй дүүргийн 17, 19-р хороо буюу нийтдээ 22 байршлыг хамруулжээ.','<p style=\"text-align: justify;\">Шугамын барилга угсралтын ажлыг энэ оны есдүгээр сарын 5-аас 10 дугаар сарын 3-ны дотор хийж гүйцэтгэсэн аж. Үлдсэн айл өрхүүдийг ирэх онд тог цахилгаанд холбох зорилготой байгаа бөгөөд үүнд шаардагдах 12.7 тэрбум төгрөгийн санхүүжилтийг 2017 оны улсын төсөвт тусгуулахаар төлөвлөжээ.</p>\r\n<p style=\"text-align: justify;\">ЭХЯ-ны Бодлогын хэрэгжилтийг зохицуулах газрын дарга Б.Насантогтох энэ талаар &ldquo;Гэрэл тоггүй амьдарч байгаа айл өрхүүдийг эрчим хүчинд холбох санаачилгыг нэр бүхий УИХ-ын 12 гишүүн гаргасан. Тэр дагуу Эрчим хүчний сайд П.Ганхүүгийн шууд удирдлага дор сар гаруйн хугацаанд манай салбарынхан ажилласны дүнд өнөөдөр 1562 өрх айлыг цахилгаанд холболоо. Сонгинохайрхан дүүргийн 22-р хорооны Тахилтын аман дахь 330 орчим айл өрх гэхэд олон жил тоггүй, харанхуй орчинд амьдарснаа өнөөдөр ярьж байна. Цаашид бид Улаанбаатарыг бүхэлд нь тог цахилгаантай болгохын тулд шат дараалсан арга хэмжээ авч ажиллах болно&rdquo; гэв.</p>\r\n<p style=\"text-align: justify;\">Түүнчлэн Сонгинохайрхан дүүргийн 22-р хорооны иргэн Д.Чамин &ldquo;Манай хорооныхон дөрвөн жил гаруй харанхуй, гэрэлгүй амьдарч байсан. Энэ хүндрэлийг өнгөрсөн сар гаруйн хугацаанд яаравчлан шийдвэрлэж, түргэн шуурхай ажилласан Эрчим хүчний яамныхандаа талархал илэрхийлье. Хий гэвэл хийж болдог л ажил байна юм гэж бодлоо. Дөрвөн жил хүлээлээ шүү дээ&rdquo; хэмээж байлаа. &nbsp;</p>\r\n<p style=\"text-align: justify;\">Монгол Улсын Засгийн газрын 100 хоногийн хүрээнд хийж гүйцэтгэсэн энэ ажил Эрчим хүчний сайд П.Ганхүүгийн бодлого, мөрийн хөтөлбөрт тусгагдаж, ийнхүү эхний ээлжинд 1562 өрх айл тог цахилгаанд холбогдож байна гэж Эрчим хүчний яамнаас мэдээллээ.</p>',5,1);
/*!40000 ALTER TABLE `datas_post` ENABLE KEYS */;
UNLOCK TABLES;

--
-- Table structure for table `datas_price`
--

DROP TABLE IF EXISTS `datas_price`;
/*!40101 SET @saved_cs_client     = @@character_set_client */;
/*!40101 SET character_set_client = utf8 */;
CREATE TABLE `datas_price` (
  `id` int(11) NOT NULL AUTO_INCREMENT,
  `created` datetime(6) NOT NULL,
  `updated` datetime(6) NOT NULL,
  `title` varchar(250) NOT NULL,
  `text` longtext NOT NULL,
  `count` int(11) NOT NULL,
  `author_id` int(11) DEFAULT NULL,
  PRIMARY KEY (`id`),
  KEY `datas_price_author_id_d8bb40c9_fk_auth_user_id` (`author_id`),
  CONSTRAINT `datas_price_author_id_d8bb40c9_fk_auth_user_id` FOREIGN KEY (`author_id`) REFERENCES `auth_user` (`id`)
) ENGINE=InnoDB AUTO_INCREMENT=4 DEFAULT CHARSET=utf8mb4;
/*!40101 SET character_set_client = @saved_cs_client */;

--
-- Dumping data for table `datas_price`
--

LOCK TABLES `datas_price` WRITE;
/*!40000 ALTER TABLE `datas_price` DISABLE KEYS */;
INSERT INTO `datas_price` VALUES (1,'2017-01-19 02:24:29.486520','2017-05-19 06:30:16.710325','ЦЭХ-ний үнэ тариф','<div class=\"table_info text-center\">\r\n<h4>ҮЙЛДВЭР, АЖ АХУЙН НЭГЖ БОЛОН БУСАД БАЙГУУЛЛАГАД БОРЛУУЛАХ ЦАХИЛГААНЫ ТАРИФ</h4>\r\n<h5>Үйлдвэр, аж ахуйн нэгж болон бусад байгууллагад борлуулах цахилгааны тарифыг (НӨАТ-гүй) ангиллаас нь хамааруулан төлбөр тооцох үзүүлэлтийн нэгжид дараах хязгаарт багтаан тогтооно.</h5>\r\n</div>\r\n<table class=\"table table-bordered table-striped\">\r\n<thead>\r\n<tr>\r\n<td class=\"text-center\" width=\"60\">№</td>\r\n<td>Ангилал</td>\r\n<td width=\"120\">Хэмжих нэгж</td>\r\n<td width=\"120\">Тариф</td>\r\n</tr>\r\n</thead>\r\n<tbody>\r\n<tr>\r\n<td class=\"text-center\">1</td>\r\n<td colspan=\"3\"><strong>Уул уурхайн олборлох, боловсруулах аж үйлдвэр</strong></td>\r\n</tr>\r\n<tr>\r\n<td class=\"text-center\">&nbsp;</td>\r\n<td colspan=\"3\">Үүнд: Нүүрс олборлолт, боловсруулалт<br /> Газрын тос, шатдаг хий олборлолт, боловсруулалт<br /> Төмрийн хүдэр олборлолт, боловсруулалт<br /> Бусад ашигт малтмал олборлолт, боловсруулалт</td>\r\n</tr>\r\n<tr>\r\n<td class=\"text-center\">1.1</td>\r\n<td>Энгийн тоолууртай</td>\r\n<td>Төг/кВт.ц</td>\r\n<td><strong>155.90</strong></td>\r\n</tr>\r\n<tr>\r\n<td class=\"text-center\">1.2</td>\r\n<td colspan=\"3\">3 тарифт тоолууртай</td>\r\n</tr>\r\n<tr>\r\n<td class=\"text-right\">a</td>\r\n<td>Өдрийн хэрэглээ /өглөөний 06.00 цагаас оройн 17.00 цаг хүртэл/</td>\r\n<td>Төг/кВт.ц</td>\r\n<td><strong>155.90</strong></td>\r\n</tr>\r\n<tr>\r\n<td class=\"text-right\">б</td>\r\n<td>Оройн хэрэглээ /оройн 17.00 цагаас шөнийн 22.00 цаг хүртэл/</td>\r\n<td>Төг/кВт.ц</td>\r\n<td><strong>276.00</strong></td>\r\n</tr>\r\n<tr>\r\n<td class=\"text-right\">в</td>\r\n<td>Шөнийн хэрэглээ /шөнийн 22.00 цагаас өглөөний 06.00 цаг хүртэл/</td>\r\n<td>Төг/кВт.ц</td>\r\n<td><strong>77.10</strong></td>\r\n</tr>\r\n<tr>\r\n<td class=\"text-center\">2</td>\r\n<td colspan=\"3\"><strong>Бусад үйлдвэр, аж ахуйн нэгж, байгууллага</strong></td>\r\n</tr>\r\n<tr>\r\n<td class=\"text-right\">2.1</td>\r\n<td>Энгийн тоолууртай</td>\r\n<td>Төг/кВт.ц</td>\r\n<td><strong>77.10</strong></td>\r\n</tr>\r\n<tr>\r\n<td class=\"text-center\">2.2</td>\r\n<td colspan=\"3\">3 тарифт тоолууртай</td>\r\n</tr>\r\n<tr>\r\n<td class=\"text-right\">a</td>\r\n<td>Өдрийн хэрэглээ /өглөөний 06.00 цагаас оройн 17.00 цаг хүртэл/</td>\r\n<td>Төг/кВт.ц</td>\r\n<td><strong>128.50</strong></td>\r\n</tr>\r\n<tr>\r\n<td class=\"text-right\">б</td>\r\n<td>Оройн хэрэглээ /оройн 17.00 цагаас шөнийн 22.00 цаг хүртэл/</td>\r\n<td>Төг/кВт.ц</td>\r\n<td><strong>209.80</strong></td>\r\n</tr>\r\n<tr>\r\n<td class=\"text-right\">в</td>\r\n<td>Шөнийн хэрэглээ /шөнийн 22.00 цагаас өглөөний 06.00 цаг хүртэл/</td>\r\n<td>Төг/кВт.ц</td>\r\n<td><strong>77.10</strong></td>\r\n</tr>\r\n<tr>\r\n<td class=\"text-right\">2.3</td>\r\n<td>&ldquo;Цахилгаан тээвэр&rdquo; ХК</td>\r\n<td>Төг/кВт.ц</td>\r\n<td><strong>77.10</strong></td>\r\n</tr>\r\n<tr>\r\n<td class=\"text-center\">3</td>\r\n<td colspan=\"3\"><strong>Улаанбаатар хот, аймгийн төвийн нийтийн зориулалттай зам талбайн гэрэлтүүлэг болон нийтийн зориулалттай орон сууцны орцны гэрэлтүүлэг</strong></td>\r\n</tr>\r\n<tr>\r\n<td class=\"text-center\">3.1</td>\r\n<td colspan=\"3\">10, 11, 12, 1, 2 ,3 дугаар саруудад</td>\r\n</tr>\r\n<tr>\r\n<td class=\"text-right\">a</td>\r\n<td>Өдрийн хэрэглээ /өглөөний 06.00 цагаас оройн 17.00 цаг хүртэл/</td>\r\n<td>Төг/кВт.ц</td>\r\n<td><strong>128.50</strong></td>\r\n</tr>\r\n<tr>\r\n<td class=\"text-right\">б</td>\r\n<td>Орой, шөнийн хэрэглээ /оройн 19.00 цагаас өглөөний 06.00 цаг хүртэл/</td>\r\n<td>Төг/кВт.ц</td>\r\n<td><strong>209.80</strong></td>\r\n</tr>\r\n</tbody>\r\n</table>\r\n<p><br /><br /></p>\r\n<div class=\"table_info text-center\">\r\n<h4>АЙЛ ӨРХӨД БОРЛУУЛАХ ЦАХИЛГААНЫ ТАРИФ</h4>\r\n<h5>Айл өрхөд борлуулах цахилгааны тарифыг (НӨАТ-гүй) ангиллаас нь хамааруулан төлбөр тооцох үзүүлэлтийн нэгжид дараах хязгаарт багтаан тогтооно:</h5>\r\n</div>\r\n<table class=\"table table-bordered table-striped\">\r\n<thead>\r\n<tr>\r\n<td class=\"text-center\" width=\"60\">№</td>\r\n<td>Хэрэглэгчдийн ангилал</td>\r\n<td width=\"120\">Хэмжих нэгж</td>\r\n<td width=\"120\">Тариф /НӨАТ-гүй/</td>\r\n</tr>\r\n</thead>\r\n<tbody>\r\n<tr>\r\n<td class=\"text-center\">1</td>\r\n<td colspan=\"3\"><strong>Энгийн тоолууртай</strong></td>\r\n</tr>\r\n<tr>\r\n<td class=\"text-center\">&nbsp;</td>\r\n<td colspan=\"3\">Үүнд: Нүүрс олборлолт, боловсруулалт<br /> Газрын тос, шатдаг хий олборлолт, боловсруулалт<br /> Төмрийн хүдэр олборлолт, боловсруулалт<br /> Бусад ашигт малтмал олборлолт, боловсруулалт</td>\r\n</tr>\r\n<tr>\r\n<td class=\"text-right\">a</td>\r\n<td>Сарын нийт хэрэглээний 150 кВт.ц хүртэлх хэрэглээг</td>\r\n<td>Төг/кВт.ц</td>\r\n<td><strong>98.40</strong></td>\r\n</tr>\r\n<tr>\r\n<td class=\"text-right\">б</td>\r\n<td>Сарын нийт хэрэглээний 151 кВт.ц болон түүнээс дээшхи хэрэглээг</td>\r\n<td>Төг/кВт.ц</td>\r\n<td><strong>118.20</strong></td>\r\n</tr>\r\n<tr>\r\n<td class=\"text-center\">2</td>\r\n<td colspan=\"3\"><strong>2 тарифт тоолууртай</strong></td>\r\n</tr>\r\n<tr>\r\n<td class=\"text-right\">a</td>\r\n<td>Өдрийн хэрэглээ /өглеөний 06.00 цагаас шөнийн 21.00 цаг хүртэл/</td>\r\n<td>Төг/кВт.ц</td>\r\n<td><strong>104.30</strong></td>\r\n</tr>\r\n<tr>\r\n<td class=\"text-right\">б</td>\r\n<td>Орой, шөнийн хэрэглээ /оройн 21.00 цагаас өглөөний 06 00 цаг хүртэл/</td>\r\n<td>Төг/кВт.ц</td>\r\n<td><strong>77.10</strong></td>\r\n</tr>\r\n<tr>\r\n<td class=\"text-center\">3</td>\r\n<td><strong>Сарын суурь тариф</strong></td>\r\n<td>Төг/сар</td>\r\n<td><strong> 2000.00</strong></td>\r\n</tr>\r\n</tbody>\r\n</table>\r\n<p><br /><br /></p>\r\n<div class=\"table_info text-center\">\r\n<h4>АХУЙН ТООЛУУРГҮЙ ЦАХИЛГААН ХЭРЭГЛЭЧДИЙН ТӨЛБӨР ТООЦОХ САРЫН ДУНДАЖ ХЭРЭГЛЭЭ</h4>\r\n<h5>Ахуйн тоолуургүй цахилгаан хэрэглэгчдийн төлбөр тооцох сарын дундаж хэрэглээг төлбөр тооцох үзүүлэлтийн нэгжид дараах хязгаарт багтаан тогтооно:</h5>\r\n</div>\r\n<table class=\"table table-bordered table-striped\">\r\n<thead>\r\n<tr>\r\n<td class=\"text-center\" width=\"60\">№</td>\r\n<td>Ангилал</td>\r\n<td width=\"120\">Хэмжих нэгж</td>\r\n<td width=\"120\">Тариф</td>\r\n</tr>\r\n</thead>\r\n<tbody>\r\n<tr>\r\n<td class=\"text-right\">1</td>\r\n<td>Айл өрх</td>\r\n<td>Төг/кВт.ц</td>\r\n<td><strong>350</strong></td>\r\n</tr>\r\n</tbody>\r\n</table>\r\n<p><br /><br /></p>\r\n<div class=\"table_info text-center\">\r\n<h4>ҮЙЛДВЭР, АЖ АХУЙН НЭГ БАЙГУУЛЛАГАД БОРЛУУЛАХ ЦАХИЛГААНЫ ЧАДЛЫН ТАРИФ</h4>\r\n<h5>Үйлдвэр аж ахуйн нэгж байгууллагад борлуулах цахилгааны чадлын тарифыг (НӨАТ-гүй) төлбөр тооцох үзүүлэлтийн нэгжид дараах байдлаар тогтооно:</h5>\r\n</div>\r\n<table class=\"table table-bordered table-striped\">\r\n<thead>\r\n<tr>\r\n<td class=\"text-center\" width=\"60\">№</td>\r\n<td>Ангилал</td>\r\n<td width=\"120\">Хэмжих нэгж</td>\r\n<td width=\"120\">Тариф</td>\r\n</tr>\r\n</thead>\r\n<tbody>\r\n<tr>\r\n<td class=\"text-right\">1</td>\r\n<td>Үйлдвэр, аж ахуйн нэгж, байгууллага</td>\r\n<td>кВт.ц</td>\r\n<td><strong>9000</strong></td>\r\n</tr>\r\n</tbody>\r\n</table>\r\n<p><br /><br /></p>\r\n<div class=\"table_info text-center\">\r\n<h4>ЦАХИЛГААНЫ ЧАДЛЫН ТӨЛБӨР ТООЦОХ АРГАЧЛАЛ</h4>\r\n<br />\r\n<h4>СЭРГЭЭГДЭХ ЭРЧИМ ХҮЧИЙГ ДЭМЖИХ ТАРИФ</h4>\r\n<h5>Төв, Өмнөд бүсийн нэгдсэн сүлжээнд холбогдсон хэрэглэгчдийн сэргээгдэх эрчим хүчийг дэмжих тарифыг 3.95 төг/квт.ц-аар тогтоосон ба хэрэглэгчдэд борлуулах цахилгааны тариф дээр нэмж тооцно.</h5>\r\n</div>',5,1),(2,'2017-01-19 02:24:29.486520','2017-05-19 06:31:02.420317','Эмзэг бүлгийн хэрэглэгч','<h4>ҮЙЛДВЭР, АЖ АХУЙН НЭГЖ БОЛОН БУСАД БАЙГУУЛЛАГАД БОРЛУУЛАХ ЦАХИЛГААНЫ ТАРИФ</h4>\r\n<h5>Үйлдвэр, аж ахуйн нэгж болон бусад байгууллагад борлуулах цахилгааны тарифыг (НӨАТ-гүй) ангиллаас нь хамааруулан төлбөр тооцох үзүүлэлтийн нэгжид дараах хязгаарт багтаан тогтооно.</h5>\r\n<table class=\"table table-bordered table-striped\">\r\n<thead>\r\n<tr>\r\n<td class=\"text-center\" width=\"60\">№</td>\r\n<td>Бүсийн ялгаа</td>\r\n<td width=\"120\">Сарын хэрэглээ (кВт.ц)</td>\r\n<td width=\"150\">Тариф /НӨАТ-гүй/ (төг/кВт.ц)</td>\r\n<td>Тайлбар</td>\r\n</tr>\r\n</thead>\r\n<tbody>\r\n<tr>\r\n<td class=\"text-right\">1</td>\r\n<td>Улаанбаатар хот</td>\r\n<td>100 кВт.ц хүртэл<br />101 кВт.ц - аас дээш</td>\r\n<td><strong>48.20<br />69.30</strong></td>\r\n<td width=\"120\">-</td>\r\n</tr>\r\n<tr>\r\n<td class=\"text-right\">2</td>\r\n<td>Дархан хот, Эрдэнэт хот</td>\r\n<td>75 кВт.ц хүртэл<br />76 кВт.ц - аас дээш</td>\r\n<td><strong>48.20<br />69.30</strong></td>\r\n<td width=\"120\">-</td>\r\n</tr>\r\n<tr>\r\n<td class=\"text-right\">3</td>\r\n<td>Бусад /1 ба 2 дугаар мөрнүүдэд орохгүй бүх аймаг, сум/</td>\r\n<td>50 кВт.ц хүртэл<br />51кВт.ц - аас дээш</td>\r\n<td><strong>48.20<br />69.30</strong></td>\r\n<td width=\"120\">-</td>\r\n</tr>\r\n</tbody>\r\n</table>',2,1),(3,'2017-01-19 02:24:29.486520','2017-05-19 06:31:47.068581','Үнэ тооцох аргачлал','<p style=\"text-align: justify;\">Цахилгаан эрчим хүчний тооцоог хэрэглэгчийн эзэмшлийн зааг дээр суурилуулсан тоолуур, тооцооны хэмжих хэрэгслийг үндэслэн хийдэг. Цахилгаан эрчим хүчний хэрэглээ нь &ldquo;кВт.цаг&rdquo; гэсэн хэмжигдэхүүнээр илэрхийлэгдэнэ. Хэрэглэгчийн цахилгаан эрчим хүчний хэрэглээг тооцохдоо тухайн сарын тоолуурын заалтыг өмнөх сарын заалттай тулгаж, зөрүүг Эрчим хүчний зохицуулах хороо /ЭХЗХ/-оос баталсан үнэ тарифаар үржүүлж, гарсан дүн дээр нэмүү өртгийн албан татвар /НӨАТ/ нэмж гаргадаг. Томъёолон үзүүлбэл:</p>\r\n<h2 style=\"text-align: center;\"><strong>ХТ=З * К * АК * Ү * Т, төг</strong></h2>\r\n<p style=\"text-align: justify;\"><strong>ХТ</strong> - хэрэглэгчийн төлөх төлбөр, төгрөг<br /> <strong>З </strong>- тоолуурын заалтын зөрүү<br /> <strong>К</strong> &ndash; трансформаторын үржих коэффициент<br /> <strong>АК</strong> &ndash; алдагдлын коэффициент<br /> <strong>Ү</strong> &ndash; үнэ тариф<br /> <strong>Т</strong> &ndash; НӨАТ, 10%</p>\r\n<p style=\"text-align: justify;\">Эдгээрийг дэлгэрэнгүй тайлбарлая. <br /> <strong>1. Тоолуурын заалтын зөрүү</strong><br /> Өмнөх сарын тоолуурын заалтыг тухайн сарын заалтаас хасаж гаргасан дүнг тоолуурын заалтын зөрүү гэнэ.</p>\r\n<p style=\"text-align: justify;\"><strong>2.Трансформаторын үржих коэффициент</strong><br /> 380 Вольтоос дээш хүчдэлээр цахилгаан эрчим хүчний эх үүсвэрээ шийдсэн хэрэглэгчийн сарын хэрэглээг тооцохдоо трансформаторын үржих коэффициентээр боддог. Өөрөөр хэлбэл тоолуур нь гүйдэл ба хүчдэлийн трансформатораар дамжин холбогдсон бол цахилгаан эрчим хүчний хэрэглээг тооцохдоо тоолуурын заалтын зөрүүг трансформаторын үржих коэффициентээр үржүүлэн тодорхойлно. Энэ төрлийн хэрэглэгч нь ашиглах цахилгаан тоног төхөөрөмжийн ачаалал, суурилагдсан хүчин чадалдаа тохируулан гүйдлийн трансформаторыг сонгож суурилуулна. Хэрэглэгч ямар хүчдэлийн түвшингээс цахилгааны эх үүсвэрээ авснаас шалтгаалан трансформаторын үржих коэффициентийг тооцож гаргадаг. Бүх хүчдэлийн түвшинд гүйдлийн трансформатор 50/5 сонгон тавьсан бол трансформаторын үржих коэффициентийг дараах байдлаар тодорхойлно.</p>\r\n<ul style=\"text-align: justify;\">\r\n<li>110кВ-ын хүчдэлийн сүлжээнд холбогдсон хэрэглэгчийн хувьд трансформаторын үржих коэффициент К = 110000/100 х 50/5 буюу 11000</li>\r\n<li>35кВ-ын хүчдэлийн сүлжээнд холбогдсон хэрэглэгчийн хувьд трансформаторын үржих коэффициент К = 35000/100 х 50/5 буюу 3500</li>\r\n<li>10кВ-ын хүчдэлийн сүлжээнд холбогдсон хэрэглэгчийн хувьд трансформаторын үржих коэффициент К= 10000/100 х 50/5 буюу 1000</li>\r\n<li>6кВ-ын хүчдэлийн сүлжээнд холбогдсон хэрэглэгчийн хувьд трансформаторын үржих коэффициент К = 6000/100 х 50/5 буюу 600</li>\r\n<li>0.4кВ-ын /манайд ихэвчлэн 380В гэж ярьдаг/ хүчдэлийн сүлжээнд холбогдсон хэрэглэгчийн хувьд трансформаторын үржих коэффициент К = 10</li>\r\n</ul>\r\n<p style=\"text-align: justify;\"><strong>3. Алдагдлын коэффициент</strong><br /> Алдагдлын коэффициент гэж хэрэглэгчийн эзэмшлийн заагаас хэрэглээг бодож гаргах цэг хүртэлх шугамын алдагдлыг тооцохыг хэлнэ. <br /> Засгийн газрын 2001 оны 263 дугаар тогтоолын нэгдүгээр хавсралтаар батлагдсан &ldquo;Цахилгаан эрчим хүч хэрэглэх дүрэм&rdquo;-ийн 36-д &ldquo;Тооцооны хэмжих хэрэгслийг дамжуулагч, түгээгч хангагч болон хэрэглэгчийн цахилгаан тоног төхөөрөмжийн эзэмшлийн зааг дээр тавина. Эзэмшлийн зааг дээр тоолуур тавиагүй тохиолдолд эзэмшлийн заагаас хэрэглээг тооцох цэг хүртэлх шугам болон трансформатор (ачааллын болон хоосон явалтын) дахь алдагдлыг шугам сүлжээг эзэмшигч хүлээнэ...&rdquo; гэж заасны дагуу эзэмшлийн заагаас хэрэглээг тооцох цэг хүртэлх шугамын алдагдлыг тодорхойлох томъёо гаргалгааг авч ирээгүй хэрэглэгчдэд ойролцоогоор тооцон гаргасан 1,025 гэсэн алдагдлын коэффициентийг ашиглаж байна. <br /> &ldquo;Цахилгаан эрчим хүчээр хэрэглэх дүрэм&rdquo;-д хэрэглэгчийн эзэмшлийн зааг, хэрэглээг тооцох цэгийг дараах байдлаар тодорхойлсон байдаг.<br /> Эзэмшлийн зааг &ndash; гэж дамжуулагч, түгээгч, хангагч болон хэрэглэгчийн цахилгаан дамжуулах, түгээх сүлжээг өмчлөлийн буюу эзэмшлийн харьяаллаар нь хуваан зааглаж байгаа цэгийг;<br /> Хэрэглээг тооцох цэг &ndash; гэж хэрэглэгчид түгээсэн цахилгаан эрчим хүчний хэмжээг тодорхойлох зорилгоор цахилгаан дамжуулах, түгээх сүлжээнд тооцооны хэмжих хэрэгслийг холбосон цэгийг гэж тус тус заасан байдаг.</p>\r\n<p style=\"text-align: justify;\"><strong>4. Үнэ тариф</strong><br /> ЭХЗХ-оос баталсан цахилгаан эрчим хүчний үнэ тарифыг хэлж байна.</p>\r\n<p style=\"text-align: justify;\"><strong>5. Нэмүү өртгийн албан татвар /НӨАТ/</strong><br /> Монгол Улсын нэмэгдсэн өртгийн албан татварын тухай хуулийн 11 дүгээр зүйлийн 11.1-д заасны дагуу 10 хувиар тооцно.<br /> <br /> Хэрэглэгчдийн ангиллаас хамааруулан дараах нэмэлт төлбөрийг цахилгаан эрчим хүчний төлбөр дээр нэмж авдаг. Үүнд:<br /> <span style=\"text-decoration: underline;\"><em>Ахуйн хэрэглэгчдэд</em></span></p>\r\n<ul style=\"text-align: justify;\">\r\n<li>Цахилгаан хэрэглэгчдийн сарын суурь тарифыг ЭХЗХ-ны тогтоолоор 1000 төгрөгөөр тогтоон мөрдүүлж байна. Дэлхийн улс орнуудын эрчим хїчний салбарт хэрэглэгчийн олон төрлийн тариф мөрдөгддөг бөгөөд хэрэглэгчийн сарын суурь төлбөр, чадлын тариф, энергийн тариф гэсэн үндсэн 3 хэсгээс бүрддэг. Цахилгаан эрчим хүчийг тасралтгүй үйлдвэрлэж, дамжуулан түгээж, хэрэглэгчдийг ямар ч үед /хоногийн 24 цагийн турш/ цахилгаан хэрэглэхэд бэлэн байлгадаг учраас зардалд үндэслэсэн суурь хураамжийг хэрэглэгчдээс авдаг.</li>\r\n<li>Нийслэлийн Засаг Даргын 2011 оны 6 дугаар сарын 17-ны өдрийн 472 тоот захирамжийн дагуу хог тээвэрлэсний төлбөрт 1 өрхөөс 2500 төгрөгийг сар бүр цахилгааны төлбөр дээр дээр нэмж хураадаг.</li>\r\n<li>Радио телевизийн хэрэг эрхлэх газрын даргын 2001 оны 11 дүгээр сарын 7-ны өдрийн 403 тоот тушаалаар телевизийн нэвтрүүлгийн үйлчилгээний хөлсний хураамж болох 1100 төгрөгийг гэр хорооллын хэрэглэгчдийн цахилгааны төлбөрийн нэхэмжлэх дээр сар бүр авч байна.</li>\r\n</ul>\r\n<p style=\"text-align: justify;\"><span style=\"text-decoration: underline;\"><em>Аж ахуйн нэгж байгууллагын хэрэглэгчдэд</em></span></p>\r\n<ul style=\"text-align: justify;\">\r\n<li style=\"text-align: justify;\">6, 10, 35 кВ-ын цахилгаан дамжуулах агаарын болон кабель шугамаас тэжээгддэг хувийн эзэмшлийн трансформатортай хэрэглэгч нь тооцооны хэмжих хэрэгслээ 0.4 кВ-ын сүлжээ талдаа тавьсан тохиолдолд трансформаторын хоосон явалтын энергийн алдагдлыг нэмж тооцно. Трансформаторын хоосон явалтын энергийн алдагдал нь соронзон орноос үзүүлэх зүрхэвч төмрийн халалтад зарцуулагдах ба трансформатор ачаалалтай эсэхээс үл хамааран тогтмол байна. Энэ нь траснформаторын паспортад өгөгдсөн алдагдлын өгөгдлийг ажилласан цагаар үржүүлэн тогтмол алдах хоосон явалтын энергийн алдагдлыг тодорхойлдог. УБЦТС ТӨХК-ийн Гүйцэтгэх захирлын 2014 оны 60 тоот тушаалаар батлагдсан журмыг мөрдөж байна.</li>\r\n</ul>\r\n<ul style=\"text-align: justify;\">\r\n<li style=\"text-align: justify;\">Хуурмаг чадлын хэрэглээг ЭХЗГ-ын 2010 оны 10 сарын 12-ны өдрийн 109 тогтоолыг үндэслэн авдаг. Хэрэглэгчийн чадлын итгэлцүүрийг тодорхойлохдоо хангагч, хэрэглэгчийн эзэмшлийн зааг дээр тавигдсан актив, реактив тооцооны тоолуурын сар бүрийн заалтыг үндэслэн тооцно. Хэрэв реактив тоолуур байхгүй тохиолдолд хэмжилт, тооцоо хийж, чадлын итгэлцүүр Cos&phi;-ийн хэмжээг тодорхойлно. Хуурмаг чадлын хэрэглээ бүхий аж ахуйн нэгж байгууллагуудад чадлын итгэлцүүр Cos&phi;-ээс хамааруулж төлбөрийг өсгөж тооцохдоо дор дурдсан хувь хэмжээг баримтална.</li>\r\n</ul>\r\n<table class=\"table table-bordered table-striped\">\r\n<thead>\r\n<tr><th class=\"col-md-6\">Тухайн сарын дундаж cos&phi;</th><th class=\"col-md-6\">Төлбөрийг өсгөх хэмжээ /хувиар/</th></tr>\r\n</thead>\r\n<tbody>\r\n<tr>\r\n<td>0.86-1</td>\r\n<td>0</td>\r\n</tr>\r\n<tr>\r\n<td>0.8-0.85</td>\r\n<td>5.0</td>\r\n</tr>\r\n<tr>\r\n<td>0.71-0.79</td>\r\n<td>10.0</td>\r\n</tr>\r\n<tr>\r\n<td>0.66-0.7</td>\r\n<td>15.0</td>\r\n</tr>\r\n<tr>\r\n<td>0.6-0.65</td>\r\n<td>16.0</td>\r\n</tr>\r\n<tr>\r\n<td>0.51-0.59</td>\r\n<td>18.0</td>\r\n</tr>\r\n<tr>\r\n<td>0.5 ба түүнээс доош</td>\r\n<td>20.0</td>\r\n</tr>\r\n</tbody>\r\n</table>\r\n<p>&nbsp;</p>\r\n<p>Бодит болон хуурмаг энергийн хэрэглээг тооцох боломжтой тоолуураар тоологдсон энергийн үзүүлэлтээр хэрэглэгчийн чадлын итгэлцүүр cos&phi;-ийг тодорхойлохдоо бүрэн чадлын томъёог үндэслэнэ.</p>\r\n<p><span style=\"text-decoration: underline;\"><em>Тоолуураар тоологдсон нийт бүрэн энергийг тооцоолох</em></span></p>\r\n<h2><strong>E= &radic;(Ep^2+Eq^2 )</strong></h2>\r\n<p><strong>Ep</strong> - тоолуураар тоологдсон бодит энерги (кВт.цаг)<br /> <strong>Eq</strong> - тоолуураар тоологдсон хуурмаг энерги (кВар.цаг)</p>\r\n<p><br /> <span style=\"text-decoration: underline;\"><em>Хэрэглэгчийн чадлын итгэлцүүр cos&phi;-ийг тодорхойлох</em></span></p>\r\n<h2><strong>Cos&phi;=Ep/Es</strong></h2>\r\n<p><strong>Сos&phi;</strong> -ийн утгаас хамааруулан төлбөрийг өсгөх хэмжээг дээр үзүүлсэн хүснэгтийн дагуу тооцно.</p>\r\n<p style=\"text-align: right;\">Ц.ЭНХСАЙХАН</p>',2,1);
/*!40000 ALTER TABLE `datas_price` ENABLE KEYS */;
UNLOCK TABLES;

--
-- Table structure for table `datas_quiz`
--

DROP TABLE IF EXISTS `datas_quiz`;
/*!40101 SET @saved_cs_client     = @@character_set_client */;
/*!40101 SET character_set_client = utf8 */;
CREATE TABLE `datas_quiz` (
  `id` int(11) NOT NULL AUTO_INCREMENT,
  `question` varchar(500) NOT NULL,
  `slug` varchar(500) NOT NULL,
  `answer` longtext NOT NULL,
  `created` datetime(6) NOT NULL,
  `updated` datetime(6) NOT NULL,
  `author_id` int(11) NOT NULL,
  PRIMARY KEY (`id`),
  KEY `datas_quiz_author_id_c3772f94_fk_auth_user_id` (`author_id`),
  KEY `datas_quiz_2dbcba41` (`slug`),
  CONSTRAINT `datas_quiz_author_id_c3772f94_fk_auth_user_id` FOREIGN KEY (`author_id`) REFERENCES `auth_user` (`id`)
) ENGINE=InnoDB AUTO_INCREMENT=6 DEFAULT CHARSET=utf8;
/*!40101 SET character_set_client = @saved_cs_client */;

--
-- Dumping data for table `datas_quiz`
--

LOCK TABLES `datas_quiz` WRITE;
/*!40000 ALTER TABLE `datas_quiz` DISABLE KEYS */;
INSERT INTO `datas_quiz` VALUES (1,'Шинээр баригдсан орон сууцны цахилгаан эрчим хүчний борлуулалтыг яаж хүлээлгэн өгөх вэ?','shineer-barigdsan-oron-suutsnii-tsahilgaan','<div style=\"text-align: justify;\">1.Юуны өмнө шугам тоноглолын эзэмшил, ашиглалтыг тодорхой болгоно. Үүнд:</div>\r\n<div style=\"text-align: justify;\">&nbsp;</div>\r\n<div style=\"text-align: justify;\">-Аж ахуйн нэгж, иргэн нь техникийн нөхцлийн дагуу хийж гүйцэтгэсэн хуваарилах байгууламж, дэд станц, цахилгаан дамжуулах кабель болон агаарын шугам, бусад цахилгаан тоноглолыг УБЦТС ТӨХК-ийн үндсэн хөрөнгөд шилжүүлсэн, шилжүүлэхээр материалаа бүрдүүлж өгсөн байх;</div>\r\n<div style=\"text-align: justify;\">-Хэрэв хүсэлт гаргаж буй тал нь хуваарилах байгууламж,, дэд станц, цахилгаан дамжуулах кабель болон агаарын шугам, бусад цахилгаан тоноглолоо УБЦТС ТӨХК-ийн үндсэн хөрөнгөд шилжүүлж өгөхгүй тохиолдолд харьяа Түгээх төвтэй ашиглалт үйлчилгээний гэрээ хийж, эзэмшил ашиглалтыг тодорхой болгосон байх;</div>\r\n<div style=\"text-align: justify;\">-Байрны улсын комиссын шийдвэр, үл хөдлөх хөрөнгийн гэрчилгээ гарсан байх;</div>\r\n<div style=\"text-align: justify;\">&nbsp;</div>\r\n<div style=\"text-align: justify;\">2.Шугам тоноглолын эзэмшил, ашиглалтыг тодорхой болгосны дараа дараах материалыг бүрдүүлэн УБЦТС ТӨХК-ийн Борлуулалтын бодлогын хэлтэст өгнө. Үүнд:&nbsp;</div>\r\n<div style=\"text-align: justify;\">-Борлуулалт хүлээлгэн өгөх аж ахуйн нэгж, иргэний хүсэлт /албан бичиг, өргөдөл/ <a href=\"http://tog.mn/Documents/huselt_gargah_tuhai.docx\"><strong>Татаж авах</strong></a></div>\r\n<div style=\"text-align: justify;\">-Техникийн нөхцлийн хуулбар;</div>\r\n<div style=\"text-align: justify;\">-Улсын комиссын актын хуулбар;</div>\r\n<div style=\"text-align: justify;\">-Нийтийн эзэмшлийн орц, шат, талбай, гараж, подвалын цахилгаан эрчим хүчний тооцоог хариуцах СӨХ-ийн албан бичиг /Хэрвээ СӨХ албан ёсоор байгуулагдаагүй бол дээрх тооцоог хариуцах байгууллагын албан бичиг/; <a href=\"http://tog.mn/Documents/tolbor_tootsoo_hariutsah.docx\"><strong>Татаж авах</strong></a></div>\r\n<div style=\"text-align: justify;\">-Орон сууцны дулаан ЦТП-ээс аваагүй, ялтсан бойлертой бол цахилгаан эрчим хүчний тооцоог хариуцах ОСНАА-н конторын албан бичиг /Хэрэв конторт хүлээлгэж өгөөгүй бол дээрх тооцоог хариуцах байгууллагын албан бичиг/; <a href=\"http://tog.mn/Documents/tolbor_tootsoo_hariutsah_osna.docx\"><strong>Татаж авах</strong></a></div>\r\n<div style=\"text-align: justify;\">-Барилгын 0.4 кВ-ын кабель шугам болон бусад цахилгаан тоноглолыг УБЦТС ТӨХК-ийн хөрөнгөд шилжүүлэхээр материалаа өгсөн бол ТӨХ-ны шийдвэр гартал цахилгаан тоноглолын ашиглалтыг хариуцах тухай албан бичиг <a href=\"http://tog.mn/Documents/ashiglalt_hariuts_zagvar.docx\"><strong>Татаж авах</strong></a></div>\r\n<div style=\"text-align: justify;\">-Хэрэв орон сууцны хорооллын ашиглалтанд орсон хэсгийн борлуулалтыг хүлээлгэж өгөх бол дэд станц, 0.4 кВ-ын шугам тоноглолын ашиглалтыг хариуцах тухай албан бичиг; <a href=\"http://tog.mn/Documents/ashiglalt_hariuts_zagvar.docx\"><strong>Татаж авах</strong></a></div>\r\n<div style=\"text-align: justify;\">-Орон сууц нь УБЦТС ТӨХК-ийн дэд станцаас биш хувийн дэд станцаас цахилгаан эрчим хүчний тэжээлтэй, тухайн дэд станцын ашиглалтыг хүлээлгэж өгөөгүй бол дэд станцын ашиглалтыг хариуцах эзэмшигчийн албан бичиг;</div>\r\n<div style=\"text-align: justify;\">&nbsp;</div>\r\n<div style=\"text-align: justify;\">3.Хүсэлт гаргаж буй талын материалыг судалж үзээд, борлуулалтыг хүлээн авах боломжтой бол &ldquo;Шийдвэр хүргүүлэх тухай&rdquo; албан тоотыг хүсэлт гаргагчид болон харьяа Хэрэглэгчдэд үйлчлэх төвд хүргүүлнэ.&nbsp;</div>\r\n<div style=\"text-align: justify;\">&nbsp;</div>\r\n<div style=\"text-align: justify;\">4.Хэрэглэгчдэд үйлчлэх төвийн хүлээн авах танхимын мэргэжилтэн &nbsp;шийдвэрийн дагуу хүсэлт гаргаж буй талд шаардлагатай материалын жагсаалт болон тоолуур хэмжих хэрэгсэл хүлээлцэх маягт өгнө.</div>\r\n<div style=\"text-align: justify;\">Материал бүрдсэн тохиолдолд үйл ажиллагааны дэг жаягийн дагуу тухайн орон сууцны борлуулалтыг хүлээн авч, айл өрх, аж ахуйн нэгжтэй &nbsp;&ldquo;Цахилгаан эрчим хүчээр хангах гэрээ&rdquo; байгуулна.&nbsp;</div>\r\n<div style=\"text-align: justify;\">Гэрээ байгуулахдаа дараах материалыг бүрдүүлнэ:</div>\r\n<div style=\"text-align: justify;\">-Үл хөдлөх хөрөнгийн гэрчилгээ;</div>\r\n<div style=\"text-align: justify;\">-Үл хөдлөх хөрөнгийн гэрчилгээ банкны барьцаанд байгаа бол банкны зээлийн гэрээний хуулбар;</div>\r\n<div style=\"text-align: justify;\">-Иргэний үнэмлэхний хуулбар;</div>\r\n<div style=\"text-align: justify;\">-Тоолуурын гэрчилгээний хуулбар;</div>','2017-01-14 01:08:13.089996','2017-01-14 01:08:13.090054',1),(2,'Сэргээгдэх эрчим хүчийг дэмжих тариф гэж юу вэ?','sergeegdeh-erchim-huchnii-demjih-tarif','<p style=\"text-align: justify;\">Төвийн бүсийн нэгдсэн сүлжээний цахилгаан эрчим хүчний хэрэглээг нүүрсээр ажилладаг эх үүсгүүрээс гадна импортын болон салхин эх үүсвэрээс хангадаг. Нийт хэрэглээний &nbsp;95 орчим хувийг дулааны, &nbsp;4-5%-ийг сэргээгдэх эрчим хүчний эх үүсгүүрүүд үйлдвэрлэж байна.</p>\r\n<p style=\"text-align: justify;\">Монгол Улсад Сэргээгдэх эрчим хүчний тухай хууль 2007 онд батлагдсан ба сэргээгдэх эрчим хүчний үнэ тарифыг дараах байдлаар тогтоосон байдаг. Үүнд:</p>\r\n<p style=\"text-align: justify;\">&middot;Салхины эрчим хүчний үүсгүүрээр үйлдвэрлэж нийлүүлэх 1 кВт.ц цахилгаан эрчим хүчийг 0.08-0.095 ам.доллар<em>/өнөөгийн байдлаар 160-190 төг/</em>,</p>\r\n<p style=\"text-align: justify;\">&middot;5000 кВт хүртэл хүчин чадалтай усан цахилгаан станцын үйлдвэрлэж нийлүүлэх 1кВт.ц цахилгаан эрчим хүчийг 0.045-0.06 ам.доллар<em>/өнөөгийн байдлаар 90-120 төг/</em>,</p>\r\n<p style=\"text-align: justify;\">&middot;Нарны эрчим хүчний үүсгүүрээр үйлдвэрлэж нийлүүлэх 1 кВт.ц цахилгаан эрчим хүчийг 0.15-0.18 ам. доллар<em>/өнөөгийн байдлаар 300-360 төг/</em>.</p>\r\n<p style=\"text-align: justify;\">Сэргээгдэх эрчим хүчний эх үүсгүүрүүд нь үйлдвэрлэсэн цахилгаан нь дулааны цахилгаан станцын болон импортоор худалдан авах 1 кВт.ц цахилгааны өртгөөс харьцангуй өндөр үнээр буюу валютын ханшнаас хамаарч 180-190 төг/кВт.ц-аар нийлүүлэгддэг учраас тодорхой хэмжээний зөрүү үүсдэг.</p>\r\n<p style=\"text-align: justify;\">Энэхүү эх үүсгүүрээс шалтгаалсан үнийн зөрүүг аль нэг төрлийн эрчим хүчний тарифт шингээх замаар бус &ldquo;сэргээгдэх эрчим хүчийг дэмжих тариф&rdquo; болгон нэвтрүүлж, хэрэглэгчийн хэрэглэсэн 1 кВт.ц тутамд 4 төг байхаар Эрчим хүчний зохицуулах хорооноос тогтоосон. Өрхийн цахилгаан хэрэглээний төлбөрт эзлэх байдлаар нь тооцож үзвэл сард дунджаар 200кВт.ц цахилгаан хэрэглэдэг бол дэмжих тарифын төлбөрт 800 төгрөг /НӨАТ-гүй/ нэмэгдэнэ. Энэ нь нийт цахилгааны төлбөрийн 3.4%-ийг эзлэхээр байна.</p>\r\n<p style=\"text-align: justify;\">Дэлхийн олон улс оронд байгалийн баялагийн нөөцөөс хараат эрчим хүчний үйлдвэрлэлийг багасгаж, сэргээгдэх эрчим хүчийг хөгжүүлэх бодлогын хүрээнд дэмжих тариф буюу ногоон тарифын тогтолцоог нэвтрүүлсэн байдаг. Таны цахилгааны төлбөрт тусгагдсан дэмжих тарифын тооцоо нь эх орон, байгаль дэлхийдээ ногоон эрчим хүчийг хөгжүүлэхэд оруулж буй хувь нэмэр юм.</p>','2017-01-14 01:09:35.553485','2017-01-14 01:09:35.553543',1),(3,'Хэрэглэгчдэд үйлчлэх болон Түгээх төвүүдийн ажлын цагийн хуваарь','hereglegchded-uilchleh-bolon-tugeeh-tuvuud','<p style=\"text-align: justify;\">Тус компанийн Зүүн, Баруун, Зуунмод, Налайх, Өндөр хүчдэл түгээх төвүүд ажлын өдрүүдэд 09:00 - 18:00 цаг хүртэл, Шуурхай үйлчилгээний хэсгүүд 24 цагаар тасралтгүй ажилладаг.</p>\r\n<p style=\"text-align: justify;\">Харин Хэрэглэгчдэд үйлчлэх төвүүд Даваа-Баасан гаригт 08:00-21:00, Бямбад 10:00-16:00 цаг хүртэл ажиллаад Нямд амарна.</p>\r\n<p style=\"text-align: justify;\">УБЦТС ТӨХК-ийн бүх нэгжтэй 70047004 дугаарын утсаар холбогдоно.</p>','2017-01-14 01:10:34.044542','2017-01-14 01:10:34.044594',1),(4,'Хамгаалалтын зурвас гэж юу гэсэн үг вэ?','hamgaalaliin-zurvas-gej-yu-gesen-ug-ve','<div>Хамгаалалтын зурваст хориглох зүйлс:</div>\r\n<div>&nbsp;</div>\r\n<ol>\r\n<li>Дэд станц, хуваарилах байгууламж нь ой, тариа, ногооны талбайд байрласан тохиолдолд түүний эргэн тойрон 25 м газарт ой байлгах, үр тариа, төмс хүнсний ногоо тариалах,</li>\r\n<li>Хамгаалалтын зурвас дотор барилга байгууламж, орон сууц, хашаа гэр барих,</li>\r\n<li>Шугам сууц эзэмшигчийн зөвшөөрснөөс бусад үйл ажиллагаа явуулах,</li>\r\n<li>Цахилгаан шугам сүлжээ, тоног төхөөрөмжийн хэвийн горим, ажиллагааг алдагдуулах үйл ажиллагаа явуулах.</li>\r\n</ol>','2017-01-14 01:11:13.216197','2017-01-14 01:11:13.216261',1),(5,'Цахилгааны суурь хураамжийг ямар үндэслэлээр авдаг вэ?','tsahilgaanii-suuri-huraamjiig-yamar-undsen','<p style=\"text-align: justify;\">Эрчим хүчний зохицуулах хорооны 2015 оны 199 дүгээр тогтоолын дагуу цахилгаан эрчим хүчний сарын суурь тарифыг 2000 төгрөг(НӨАТ-гүй)-өөр тооцон ахуйн хэрэглэгчдээс авч байна.</p>\r\n<p style=\"text-align: justify;\">Дэлхийн олон улс оронд мөрдөгддөг жишгийн дагуу цахилгаан эрчим хүчийг тасралтгүй үйлдвэрлэж, дамжуулан түгээж, хэрэглэгчдийг аль ч үед /хоногийн 24 цагийн турш/ цахилгаан хэрэглэхэд бэлэн байлгахад шаардагддаг зардлыг үндэслэн суурь тарифыг авдаг.</p>','2017-01-14 01:12:10.593446','2017-01-14 01:12:10.593529',1);
/*!40000 ALTER TABLE `datas_quiz` ENABLE KEYS */;
UNLOCK TABLES;

--
-- Table structure for table `datas_systemhistory`
--

DROP TABLE IF EXISTS `datas_systemhistory`;
/*!40101 SET @saved_cs_client     = @@character_set_client */;
/*!40101 SET character_set_client = utf8 */;
CREATE TABLE `datas_systemhistory` (
  `id` int(11) NOT NULL AUTO_INCREMENT,
  `action` varchar(200) NOT NULL,
  `description` varchar(255) NOT NULL,
  `date` datetime(6) NOT NULL,
  `user_id` int(11) NOT NULL,
  PRIMARY KEY (`id`),
  KEY `datas_systemhistory_user_id_29f5384d_fk_auth_user_id` (`user_id`),
  CONSTRAINT `datas_systemhistory_user_id_29f5384d_fk_auth_user_id` FOREIGN KEY (`user_id`) REFERENCES `auth_user` (`id`)
) ENGINE=InnoDB AUTO_INCREMENT=102 DEFAULT CHARSET=utf8mb4;
/*!40101 SET character_set_client = @saved_cs_client */;

--
-- Dumping data for table `datas_systemhistory`
--

LOCK TABLES `datas_systemhistory` WRITE;
/*!40000 ALTER TABLE `datas_systemhistory` DISABLE KEYS */;
INSERT INTO `datas_systemhistory` VALUES (40,'Системд нэвтэрсэн','-','2017-05-23 07:31:22.793636',57),(41,'Системд нэвтэрсэн','-','2017-05-23 08:01:32.871407',57),(42,'Системд нэвтэрсэн','-','2017-05-23 08:16:24.300454',58),(43,'Системд нэвтэрсэн','-','2017-05-23 08:47:00.156419',58),(44,'Системээс гарсан.','-','2017-05-23 09:10:18.698322',58),(45,'Системд нэвтэрсэн','-','2017-05-23 09:10:27.379880',57),(46,'Системээс гарсан.','-','2017-05-23 09:28:58.237134',57),(47,'Системд нэвтэрсэн','-','2017-05-23 09:29:07.782131',58),(48,'Системээс гарсан.','-','2017-05-23 09:32:30.913404',58),(49,'Системд нэвтэрсэн','-','2017-05-23 09:32:45.738543',57),(50,'Системээс гарсан.','-','2017-05-23 09:41:23.194007',57),(51,'Системд нэвтэрсэн','-','2017-05-23 09:41:34.169816',58),(52,'Системээс гарсан.','-','2017-05-23 09:44:07.183207',58),(53,'Системд нэвтэрсэн','-','2017-05-23 09:44:16.018459',57),(54,'Системээс гарсан.','-','2017-05-23 09:44:42.275615',57),(55,'Системд нэвтэрсэн','-','2017-05-23 09:44:49.249328',58),(56,'Системээс гарсан.','-','2017-05-23 09:47:27.373106',58),(57,'Системд нэвтэрсэн','-','2017-05-23 09:47:34.062823',57),(58,'Системээс гарсан.','-','2017-05-23 09:48:40.699171',57),(59,'Системд нэвтэрсэн','-','2017-05-23 09:48:45.639029',58),(60,'Системээс гарсан.','-','2017-05-23 10:00:33.812653',58),(61,'Системд нэвтэрсэн','-','2017-05-23 10:00:46.031286',57),(62,'Системээс гарсан.','-','2017-05-23 10:00:49.583878',57),(63,'Системд нэвтэрсэн','-','2017-05-23 10:01:06.520400',57),(64,'Системээс гарсан.','-','2017-05-23 10:01:08.699477',57),(65,'Системд нэвтэрсэн','-','2017-05-23 10:01:22.685449',58),(66,'Системд нэвтэрсэн','-','2017-05-23 10:06:05.342878',57),(67,'Системээс гарсан.','-','2017-05-23 10:07:43.972569',57),(68,'Системд нэвтэрсэн','-','2017-05-23 10:07:50.667261',58),(69,'Системд нэвтэрсэн','-','2017-05-23 11:04:10.943938',57),(70,'Системд нэвтэрсэн','-','2017-05-23 11:36:06.795912',57),(71,'Системд нэвтэрсэн','-','2017-05-23 11:55:02.605054',57),(72,'Системээс гарсан.','-','2017-05-23 11:57:58.009659',57),(73,'Системд нэвтэрсэн','-','2017-05-23 11:58:07.761689',58),(74,'Системээс гарсан.','-','2017-05-23 12:00:32.319952',58),(75,'Системд нэвтэрсэн','-','2017-05-23 12:00:45.639289',57),(76,'Системээс гарсан.','-','2017-05-23 12:15:27.381041',57),(77,'Системд нэвтэрсэн','-','2017-05-23 12:15:36.471957',58),(78,'Системээс гарсан.','-','2017-05-23 12:18:23.907418',58),(79,'Системд нэвтэрсэн','-','2017-05-23 12:18:32.097295',57),(80,'Системээс гарсан.','-','2017-05-23 12:18:49.767912',57),(81,'Системд нэвтэрсэн','-','2017-05-23 12:19:03.879473',58),(82,'Системд нэвтэрсэн','-','2017-05-23 13:01:30.015448',58),(83,'Системээс гарсан.','-','2017-05-23 13:30:05.163704',58),(84,'Системд нэвтэрсэн','-','2017-05-23 13:30:16.125022',57),(85,'Системээс гарсан.','-','2017-05-23 13:38:09.914248',57),(86,'Системд нэвтэрсэн','-','2017-05-23 13:38:20.459776',58),(87,'Системээс гарсан.','-','2017-05-23 13:53:04.223060',58),(88,'Системд нэвтэрсэн','-','2017-05-23 13:53:19.081643',57),(89,'Системээс гарсан.','-','2017-05-23 13:53:43.406262',57),(90,'Системд нэвтэрсэн','-','2017-05-23 13:53:48.844035',58),(91,'Системээс гарсан.','-','2017-05-23 14:20:45.530059',58),(92,'Системд нэвтэрсэн','-','2017-05-23 14:20:52.934251',57),(93,'Системээс гарсан.','-','2017-05-23 14:21:15.285759',57),(94,'Системд нэвтэрсэн','-','2017-05-24 00:47:51.695575',1),(95,'Нууц үг сольсон','-','2017-05-24 00:49:02.833008',1),(96,'Системд нэвтэрсэн','-','2017-05-24 00:49:18.117665',1),(97,'Системд нэвтэрсэн','-','2017-05-24 01:01:42.835435',1),(98,'Системээс гарсан.','-','2017-05-24 01:09:35.536162',1),(99,'Системд нэвтэрсэн','-','2017-05-24 01:19:29.637552',57),(100,'Системд нэвтэрсэн','-','2017-05-24 02:01:47.105178',57),(101,'Системд нэвтэрсэн','-','2017-05-24 02:37:23.664536',57);
/*!40000 ALTER TABLE `datas_systemhistory` ENABLE KEYS */;
UNLOCK TABLES;

--
-- Table structure for table `django_admin_log`
--

DROP TABLE IF EXISTS `django_admin_log`;
/*!40101 SET @saved_cs_client     = @@character_set_client */;
/*!40101 SET character_set_client = utf8 */;
CREATE TABLE `django_admin_log` (
  `id` int(11) NOT NULL AUTO_INCREMENT,
  `action_time` datetime(6) NOT NULL,
  `object_id` longtext,
  `object_repr` varchar(200) NOT NULL,
  `action_flag` smallint(5) unsigned NOT NULL,
  `change_message` longtext NOT NULL,
  `content_type_id` int(11) DEFAULT NULL,
  `user_id` int(11) NOT NULL,
  PRIMARY KEY (`id`),
  KEY `django_admin__content_type_id_c4bce8eb_fk_django_content_type_id` (`content_type_id`),
  KEY `django_admin_log_user_id_c564eba6_fk_auth_user_id` (`user_id`),
  CONSTRAINT `django_admin__content_type_id_c4bce8eb_fk_django_content_type_id` FOREIGN KEY (`content_type_id`) REFERENCES `django_content_type` (`id`),
  CONSTRAINT `django_admin_log_user_id_c564eba6_fk_auth_user_id` FOREIGN KEY (`user_id`) REFERENCES `auth_user` (`id`)
) ENGINE=InnoDB AUTO_INCREMENT=31 DEFAULT CHARSET=utf8;
/*!40101 SET character_set_client = @saved_cs_client */;

--
-- Dumping data for table `django_admin_log`
--

LOCK TABLES `django_admin_log` WRITE;
/*!40000 ALTER TABLE `django_admin_log` DISABLE KEYS */;
INSERT INTO `django_admin_log` VALUES (1,'2017-01-14 01:08:13.091631','1','Шинээр баригдсан орон сууцны цахилгаан эрчим хүчний борлуулалтыг яаж хүлээлгэн өгөх вэ?',1,'[{\"added\": {}}]',11,1),(2,'2017-01-14 01:09:35.555740','2','Сэргээгдэх эрчим хүчийг дэмжих тариф гэж юу вэ?',1,'[{\"added\": {}}]',11,1),(3,'2017-01-14 01:10:34.045608','3','Хэрэглэгчдэд үйлчлэх болон Түгээх төвүүдийн ажлын цагийн хуваарь',1,'[{\"added\": {}}]',11,1),(4,'2017-01-14 01:11:13.217865','4','Хамгаалалтын зурвас гэж юу гэсэн үг вэ?',1,'[{\"added\": {}}]',11,1),(5,'2017-01-14 01:12:10.594917','5','Цахилгааны суурь хураамжийг ямар үндэслэлээр авдаг вэ?',1,'[{\"added\": {}}]',11,1),(6,'2017-01-14 11:00:41.209471','14','Өвлийн улиралд газар шорооны ажил хийхгүй байхыг үүрэг болгов',1,'[{\"added\": {}}]',10,1),(7,'2017-01-19 02:22:04.826427','2','Background object',1,'[{\"added\": {}}, {\"added\": {\"name\": \"pictures\", \"object\": \"Pictures object\"}}, {\"added\": {\"name\": \"pictures\", \"object\": \"Pictures object\"}}, {\"added\": {\"name\": \"pictures\", \"object\": \"Pictures object\"}}]',12,1),(8,'2017-01-19 02:22:29.922056','2','Background object',3,'',12,1),(9,'2017-01-19 02:23:12.336182','3','Background object',1,'[{\"added\": {}}, {\"added\": {\"name\": \"pictures\", \"object\": \"Pictures object\"}}, {\"added\": {\"name\": \"pictures\", \"object\": \"Pictures object\"}}, {\"added\": {\"name\": \"pictures\", \"object\": \"Pictures object\"}}]',12,1),(10,'2017-01-19 02:24:29.496206','4','Background object',1,'[{\"added\": {}}]',12,1),(11,'2017-01-19 02:25:53.266167','5','Background object',1,'[{\"added\": {}}]',12,1),(12,'2017-01-19 03:16:07.199933','6','Background object',1,'[{\"added\": {}}]',12,1),(13,'2017-01-19 03:22:11.876399','7','Background object',1,'[{\"added\": {}}]',12,1),(14,'2017-01-19 03:31:32.508006','8','Background object',1,'[{\"added\": {}}]',12,1),(15,'2017-01-19 03:34:32.437439','8','Background object',2,'[{\"changed\": {\"fields\": [\"page_name\"]}}]',12,1),(16,'2017-01-19 03:56:43.113022','9','Background object',1,'[{\"added\": {}}]',12,1),(17,'2017-01-19 04:00:29.417803','10','Background object',1,'[{\"added\": {}}]',12,1),(18,'2017-01-19 04:03:01.060841','11','Background object',1,'[{\"added\": {}}]',12,1),(19,'2017-01-19 08:37:52.819039','15','ҮҮРЭГ ХҮЛЭЭСЭН ХЭРЭГЛЭГЧИД ЭРЧИМ ХҮЧНИЙ ҮР АШИГГҮЙ ХЭРЭГЛЭЭГЭЭ БУУРУУЛЖ АЖИЛЛАНА',1,'[{\"added\": {}}]',10,1),(20,'2017-01-19 08:38:14.460217','15','ҮҮРЭГ ХҮЛЭЭСЭН ХЭРЭГЛЭГЧИД ЭРЧИМ ХҮЧНИЙ ҮР АШИГГҮЙ ХЭРЭГЛЭЭГЭЭ БУУРУУЛЖ АЖИЛЛАНА',2,'[{\"changed\": {\"fields\": [\"status\"]}}]',10,1),(21,'2017-01-19 08:39:35.476582','16','НИЙСЛЭЛИЙН 6 ДҮҮРГИЙН 1562 АЙЛ ӨРХ ТОГ ЦАХИЛГААНД ХОЛБОГДЛОО',1,'[{\"added\": {}}]',10,1),(22,'2017-01-19 08:39:42.368911','16','НИЙСЛЭЛИЙН 6 ДҮҮРГИЙН 1562 АЙЛ ӨРХ ТОГ ЦАХИЛГААНД ХОЛБОГДЛОО',2,'[{\"changed\": {\"fields\": [\"status\"]}}]',10,1),(23,'2017-05-19 06:20:46.311312','2','Ажлын байр',2,'[{\"changed\": {\"fields\": [\"text\"]}}]',19,1),(24,'2017-05-19 06:21:37.558374','2','Ажлын байр',2,'[{\"changed\": {\"fields\": [\"text\"]}}]',19,1),(25,'2017-05-19 06:21:45.720293','1','Танилцуулга',2,'[{\"changed\": {\"fields\": [\"text\"]}}]',19,1),(26,'2017-05-19 06:22:36.066769','2','Ажлын байр',2,'[{\"changed\": {\"fields\": [\"text\"]}}]',19,1),(27,'2017-05-19 06:30:16.727335','1','ЦЭХ-ний үнэ тариф',2,'[{\"changed\": {\"fields\": [\"text\"]}}]',16,1),(28,'2017-05-19 06:31:02.437884','2','Эмзэг бүлгийн хэрэглэгч',2,'[{\"changed\": {\"fields\": [\"text\"]}}]',16,1),(29,'2017-05-19 06:31:47.142578','3','Үнэ тооцох аргачлал',2,'[{\"changed\": {\"fields\": [\"text\"]}}]',16,1),(30,'2017-05-19 06:33:49.877825','1','Танилцуулга',1,'[{\"added\": {}}]',18,1);
/*!40000 ALTER TABLE `django_admin_log` ENABLE KEYS */;
UNLOCK TABLES;

--
-- Table structure for table `django_content_type`
--

DROP TABLE IF EXISTS `django_content_type`;
/*!40101 SET @saved_cs_client     = @@character_set_client */;
/*!40101 SET character_set_client = utf8 */;
CREATE TABLE `django_content_type` (
  `id` int(11) NOT NULL AUTO_INCREMENT,
  `app_label` varchar(100) NOT NULL,
  `model` varchar(100) NOT NULL,
  PRIMARY KEY (`id`),
  UNIQUE KEY `django_content_type_app_label_76bd3d3b_uniq` (`app_label`,`model`)
) ENGINE=InnoDB AUTO_INCREMENT=20 DEFAULT CHARSET=utf8;
/*!40101 SET character_set_client = @saved_cs_client */;

--
-- Dumping data for table `django_content_type`
--

LOCK TABLES `django_content_type` WRITE;
/*!40000 ALTER TABLE `django_content_type` DISABLE KEYS */;
INSERT INTO `django_content_type` VALUES (1,'admin','logentry'),(4,'auth','group'),(3,'auth','permission'),(2,'auth','user'),(5,'contenttypes','contenttype'),(12,'datas','background'),(7,'datas','contact'),(14,'datas','feedback'),(18,'datas','homebanner'),(19,'datas','introduction'),(8,'datas','legal'),(9,'datas','legaltype'),(15,'datas','message'),(13,'datas','pictures'),(10,'datas','post'),(16,'datas','price'),(11,'datas','quiz'),(17,'datas','systemhistory'),(6,'sessions','session');
/*!40000 ALTER TABLE `django_content_type` ENABLE KEYS */;
UNLOCK TABLES;

--
-- Table structure for table `django_migrations`
--

DROP TABLE IF EXISTS `django_migrations`;
/*!40101 SET @saved_cs_client     = @@character_set_client */;
/*!40101 SET character_set_client = utf8 */;
CREATE TABLE `django_migrations` (
  `id` int(11) NOT NULL AUTO_INCREMENT,
  `app` varchar(255) NOT NULL,
  `name` varchar(255) NOT NULL,
  `applied` datetime(6) NOT NULL,
  PRIMARY KEY (`id`)
) ENGINE=InnoDB AUTO_INCREMENT=21 DEFAULT CHARSET=utf8;
/*!40101 SET character_set_client = @saved_cs_client */;

--
-- Dumping data for table `django_migrations`
--

LOCK TABLES `django_migrations` WRITE;
/*!40000 ALTER TABLE `django_migrations` DISABLE KEYS */;
INSERT INTO `django_migrations` VALUES (1,'contenttypes','0001_initial','2017-01-14 00:35:47.929158'),(2,'auth','0001_initial','2017-01-14 00:35:49.899474'),(3,'admin','0001_initial','2017-01-14 00:35:50.214955'),(4,'admin','0002_logentry_remove_auto_add','2017-01-14 00:35:50.423754'),(5,'contenttypes','0002_remove_content_type_name','2017-01-14 00:35:50.694794'),(6,'auth','0002_alter_permission_name_max_length','2017-01-14 00:35:50.821113'),(7,'auth','0003_alter_user_email_max_length','2017-01-14 00:35:50.932993'),(8,'auth','0004_alter_user_username_opts','2017-01-14 00:35:50.953728'),(9,'auth','0005_alter_user_last_login_null','2017-01-14 00:35:51.040502'),(10,'auth','0006_require_contenttypes_0002','2017-01-14 00:35:51.062174'),(11,'auth','0007_alter_validators_add_error_messages','2017-01-14 00:35:51.088387'),(12,'auth','0008_alter_user_username_max_length','2017-01-14 00:35:51.170700'),(13,'datas','0001_initial','2017-01-14 00:35:54.562742'),(14,'sessions','0001_initial','2017-01-14 00:35:54.759980'),(15,'datas','0002_feedback','2017-02-19 04:47:13.189772'),(16,'datas','0002_message','2017-02-20 10:05:06.612659'),(17,'datas','0002_homebanner','2017-05-12 00:28:04.789521'),(18,'datas','0002_systemhistory','2017-05-12 03:10:54.284357'),(19,'datas','0002_introduction','2017-05-19 06:14:30.457794'),(20,'datas','0002_price','2017-05-19 06:24:10.957814');
/*!40000 ALTER TABLE `django_migrations` ENABLE KEYS */;
UNLOCK TABLES;

--
-- Table structure for table `django_session`
--

DROP TABLE IF EXISTS `django_session`;
/*!40101 SET @saved_cs_client     = @@character_set_client */;
/*!40101 SET character_set_client = utf8 */;
CREATE TABLE `django_session` (
  `session_key` varchar(40) NOT NULL,
  `session_data` longtext NOT NULL,
  `expire_date` datetime(6) NOT NULL,
  PRIMARY KEY (`session_key`),
  KEY `django_session_de54fa62` (`expire_date`)
) ENGINE=InnoDB DEFAULT CHARSET=utf8;
/*!40101 SET character_set_client = @saved_cs_client */;

--
-- Dumping data for table `django_session`
--

LOCK TABLES `django_session` WRITE;
/*!40000 ALTER TABLE `django_session` DISABLE KEYS */;
INSERT INTO `django_session` VALUES ('26b199fzuf6381ud7rv4ezf8coswhkne','YTM1N2NiMzJlZGM3MjRiZDg0Y2M0MjEyY2UyMDlkNWYzNzFlNzRjMTp7Il9hdXRoX3VzZXJfYmFja2VuZCI6ImFwcHMucG9ydGFsLmJhY2tlbmQuQ3VzdG9tQmFja2VuZCIsIl9hdXRoX3VzZXJfaWQiOiIxIiwiX3Nlc3Npb25fZXhwaXJ5IjoxODAwLCJ1c2VybmFtZSI6ImFkbWluIiwiX2F1dGhfdXNlcl9oYXNoIjoiYmJhYmZlYjI4NWJjOGE5ZDM3NjIwZTViMGE0NzkxODcwOWFlMjI2NiJ9','2017-05-12 03:44:22.250086'),('2hif5dl9797z5n06tv5i5fs6ox4mg69j','YWViMjExOTEwZDlmZDJlZGQ5OWRhN2E0NmFkMGU5NTVmNjZhMGJlODp7Il9hdXRoX3VzZXJfaWQiOiIxIiwiX3Nlc3Npb25fZXhwaXJ5IjoxODAwLCJfYXV0aF91c2VyX2hhc2giOiJiYmFiZmViMjg1YmM4YTlkMzc2MjBlNWIwYTQ3OTE4NzA5YWUyMjY2IiwidXNlcm5hbWUiOiJhZG1pbiIsIl9hdXRoX3VzZXJfYmFja2VuZCI6ImFwcHMucG9ydGFsLmJhY2tlbmQuQ3VzdG9tQmFja2VuZCJ9','2017-05-16 07:05:33.580752'),('2wbe8oqnhz4pe16v71p66mbg1a836ifc','YWViMjExOTEwZDlmZDJlZGQ5OWRhN2E0NmFkMGU5NTVmNjZhMGJlODp7Il9hdXRoX3VzZXJfaWQiOiIxIiwiX3Nlc3Npb25fZXhwaXJ5IjoxODAwLCJfYXV0aF91c2VyX2hhc2giOiJiYmFiZmViMjg1YmM4YTlkMzc2MjBlNWIwYTQ3OTE4NzA5YWUyMjY2IiwidXNlcm5hbWUiOiJhZG1pbiIsIl9hdXRoX3VzZXJfYmFja2VuZCI6ImFwcHMucG9ydGFsLmJhY2tlbmQuQ3VzdG9tQmFja2VuZCJ9','2017-05-16 06:32:57.556146'),('304nyu7cqgzersc8qg4oivjf9nv2p0a7','MmY0YzFiZWNjOWFkNTMxMDMzMmQ3YjUwMjFlNjIxYTg3ZDFiZTFkNzp7Il9hdXRoX3VzZXJfaGFzaCI6Ijk0ODFlMzliODA1ZTM2ZDM0YzI4MjczYTBhZDhhNTA1YTkzNWZmZGYiLCJfc2Vzc2lvbl9leHBpcnkiOjE4MDAsIl9hdXRoX3VzZXJfYmFja2VuZCI6ImFwcHMucG9ydGFsLmJhY2tlbmQuQ3VzdG9tQmFja2VuZCIsIl9hdXRoX3VzZXJfaWQiOiI1OCIsInVzZXJuYW1lIjoiMTkxMjUzNyJ9','2017-05-23 13:49:03.886963'),('5svqh9nb4h4qgrlpiaq0knk85syw8mbm','Yzg3YTc1ZTYzOTBhZTMwNmYzZDRkOWE4NGU4ZTI5NWU4NTNhMmQ2Mzp7Il9hdXRoX3VzZXJfaGFzaCI6Ijk4MTAwMjAxMWVkN2EyNTAyNDA3NzBiNDFkY2U4OTMxNTFiMGI0NTgiLCJfc2Vzc2lvbl9leHBpcnkiOjE4MDAsIl9hdXRoX3VzZXJfYmFja2VuZCI6ImFwcHMucG9ydGFsLmJhY2tlbmQuQ3VzdG9tQmFja2VuZCIsIl9hdXRoX3VzZXJfaWQiOiI1NyIsInVzZXJuYW1lIjoiMTkxMTU0NSJ9','2017-05-24 04:07:23.750299'),('8568p0bu1b95pgmzjekwk2odejkxlr4y','NmJkNmM4Y2U0YzM0NDk3NmYzZWVkMjMxZmI5YTBjZDJhZjViY2M5Nzp7Il9hdXRoX3VzZXJfaGFzaCI6ImJiYWJmZWIyODViYzhhOWQzNzYyMGU1YjBhNDc5MTg3MDlhZTIyNjYiLCJfc2Vzc2lvbl9leHBpcnkiOjE4MDAsIl9hdXRoX3VzZXJfYmFja2VuZCI6ImFwcHMucG9ydGFsLmJhY2tlbmQuQ3VzdG9tQmFja2VuZCIsInVzZXJuYW1lIjoiYWRtaW4iLCJfYXV0aF91c2VyX2lkIjoiMSJ9','2017-05-12 08:24:46.696093'),('9j6516j9162a1tpb5m2hhklcydyw2spt','ZGQ3NzZmMWIzMTI2YTZlNWE0MWEyMTliYmVhMTFlMjc4NzI2N2Y1NTp7fQ==','2017-05-26 00:28:56.829738'),('bgtuncnamckzirnglm46oaae2q62ezjp','MzI5MTdlNjI0NDc3NmYwNDRjYWQ0MDY2MzQ1OGVjYjY1NmEyODUzOTp7Il9zZXNzaW9uX2V4cGlyeSI6MTgwMCwiX2F1dGhfdXNlcl9pZCI6IjQ5IiwidXNlcm5hbWUiOiIxOTExNTQ1IiwiX2F1dGhfdXNlcl9oYXNoIjoiNDgzZTZjMWQ0NzA4ODdkOTdhMDVhM2U5NzQyNGRkMTgzODE0YTA3NSIsIl9hdXRoX3VzZXJfYmFja2VuZCI6ImFwcHMucG9ydGFsLmJhY2tlbmQuQ3VzdG9tQmFja2VuZCJ9','2017-05-23 08:08:44.613460'),('dna0b3pnnrhgy6te36h53gjh1hkrnvlt','MDY3ZTEyNmVhNGZjNDYwNzk0MzIzZDNmYTdjNTM5ODE3NjZkY2ZiZDp7Il9hdXRoX3VzZXJfYmFja2VuZCI6ImRqYW5nby5jb250cmliLmF1dGguYmFja2VuZHMuTW9kZWxCYWNrZW5kIiwiX2F1dGhfdXNlcl9oYXNoIjoiYmJhYmZlYjI4NWJjOGE5ZDM3NjIwZTViMGE0NzkxODcwOWFlMjI2NiIsIl9hdXRoX3VzZXJfaWQiOiIxIn0=','2017-02-01 06:07:46.902063'),('dz8oqdi795q3oz1agk3y5vnv852cygll','ZjM5ZGY1ODY3ODhiODcyZDkwN2I5MmFhYWExZWQxNDllMTQxNjI4YTp7InVzZXJuYW1lIjoiMTkxMjUzNyIsIl9zZXNzaW9uX2V4cGlyeSI6MTgwMCwiX2F1dGhfdXNlcl9pZCI6IjU4IiwiX2F1dGhfdXNlcl9iYWNrZW5kIjoiYXBwcy5wb3J0YWwuYmFja2VuZC5DdXN0b21CYWNrZW5kIiwiX2F1dGhfdXNlcl9oYXNoIjoiOTQ4MWUzOWI4MDVlMzZkMzRjMjgyNzNhMGFkOGE1MDVhOTM1ZmZkZiJ9','2017-05-23 11:37:50.680941'),('eeaqmxf6v9g9vj9qg0hbk56s17g444ty','NTY2ZTBjMzM2ZDg2YTdhNGZmZDU4MzJiZjE5Mjc1ZWE0NDNlYzMwYzp7Il9hdXRoX3VzZXJfaGFzaCI6ImJiYWJmZWIyODViYzhhOWQzNzYyMGU1YjBhNDc5MTg3MDlhZTIyNjYiLCJfc2Vzc2lvbl9leHBpcnkiOjE4MDAsInVzZXJuYW1lIjoiYWRtaW4iLCJfYXV0aF91c2VyX2lkIjoiMSIsIl9hdXRoX3VzZXJfYmFja2VuZCI6ImFwcHMucG9ydGFsLmJhY2tlbmQuQ3VzdG9tQmFja2VuZCJ9','2017-05-15 08:01:28.229124'),('enoovbm1uconafvwsp5ts646r68zrn7i','MzE4OGYxYzFkOTliZGE5YTkzN2FiZGY2NGZmM2IyNGNlNDg3NDVmNzp7InVzZXJuYW1lIjoiMTkxMTU0NSIsIl9hdXRoX3VzZXJfaWQiOiI1NyIsIl9hdXRoX3VzZXJfaGFzaCI6Ijk4MTAwMjAxMWVkN2EyNTAyNDA3NzBiNDFkY2U4OTMxNTFiMGI0NTgiLCJfc2Vzc2lvbl9leHBpcnkiOjE4MDAsIl9hdXRoX3VzZXJfYmFja2VuZCI6ImFwcHMucG9ydGFsLmJhY2tlbmQuQ3VzdG9tQmFja2VuZCJ9','2017-05-23 09:01:22.836998'),('ep9ozck9gcftvgnpyiime21wwhxxvtvj','ODdmNzM0MGEzNjA1MDcyOTQ5ZGMxY2RiNWVmMmRhYjRhOGNiZmVkMjp7Il9hdXRoX3VzZXJfaWQiOiI1NyIsIl9zZXNzaW9uX2V4cGlyeSI6MTgwMCwiX2F1dGhfdXNlcl9oYXNoIjoiOTgxMDAyMDExZWQ3YTI1MDI0MDc3MGI0MWRjZTg5MzE1MWIwYjQ1OCIsInVzZXJuYW1lIjoiMTkxMTU0NSIsIl9hdXRoX3VzZXJfYmFja2VuZCI6ImFwcHMucG9ydGFsLmJhY2tlbmQuQ3VzdG9tQmFja2VuZCJ9','2017-05-24 02:49:29.651565'),('ghhyx4pmvv6x67m0j0ewmuc7vykbqe7n','YTBjMjZkYTU3ZTk2YmQ4MmZlMzVmYTkwNmM5MDI5MmE4ODU0YmE1ZDp7Il9zZXNzaW9uX2V4cGlyeSI6MTgwMCwiX2F1dGhfdXNlcl9oYXNoIjoiYmJhYmZlYjI4NWJjOGE5ZDM3NjIwZTViMGE0NzkxODcwOWFlMjI2NiIsIl9hdXRoX3VzZXJfaWQiOiIxIiwiX2F1dGhfdXNlcl9iYWNrZW5kIjoiYXBwcy5wb3J0YWwuYmFja2VuZC5DdXN0b21CYWNrZW5kIiwidXNlcm5hbWUiOiJhZG1pbiJ9','2017-05-12 07:26:56.210658'),('glua0st3n07brdxql9yrmy45bctfkkxg','ZGQ3NzZmMWIzMTI2YTZlNWE0MWEyMTliYmVhMTFlMjc4NzI2N2Y1NTp7fQ==','2017-05-26 02:57:56.172798'),('gzenb69r0ljahp07vhlmvw9yssuxv96a','MjQzZTM2ZGM4OWE4N2UyMjNmYTRlYjY0MWFhMzcxYjY1YWM4OWMyZDp7Il9hdXRoX3VzZXJfaGFzaCI6ImJiYWJmZWIyODViYzhhOWQzNzYyMGU1YjBhNDc5MTg3MDlhZTIyNjYiLCJfYXV0aF91c2VyX2JhY2tlbmQiOiJkamFuZ28uY29udHJpYi5hdXRoLmJhY2tlbmRzLk1vZGVsQmFja2VuZCIsIl9hdXRoX3VzZXJfaWQiOiIxIn0=','2017-02-02 02:18:02.924305'),('h5dmwhzpzcp6n1xvwd4nnd2g4ygf39cf','ODNhOTZmYThjMGE0Y2RhNTlhYTkxMDZhYzAzNTdkNGQxMmRiNzQyNjp7Il9zZXNzaW9uX2V4cGlyeSI6MTgwMCwidXNlcm5hbWUiOiJhZG1pbiIsIl9hdXRoX3VzZXJfaGFzaCI6ImJiYWJmZWIyODViYzhhOWQzNzYyMGU1YjBhNDc5MTg3MDlhZTIyNjYiLCJfYXV0aF91c2VyX2JhY2tlbmQiOiJhcHBzLnBvcnRhbC5iYWNrZW5kLkN1c3RvbUJhY2tlbmQiLCJfYXV0aF91c2VyX2lkIjoiMSJ9','2017-02-21 01:38:25.993176'),('iuc5p14tc0vig6u4i12zd4rkiaxqpwo3','ZGQ3NzZmMWIzMTI2YTZlNWE0MWEyMTliYmVhMTFlMjc4NzI2N2Y1NTp7fQ==','2017-05-26 02:56:51.200064'),('izewv8qvz9mh1pzqxlhlsry9v16ww2f8','ZGQ3NzZmMWIzMTI2YTZlNWE0MWEyMTliYmVhMTFlMjc4NzI2N2Y1NTp7fQ==','2017-05-26 00:31:23.574325'),('j3i9mxnovcvovc3l14glwr70fbkdzpq3','NzJkNmUzZmI2NjI2MWFhMDdlOWQwMTJkY2ExMWY4MTE0NWIzNmYwMjp7Il9hdXRoX3VzZXJfYmFja2VuZCI6ImFwcHMucG9ydGFsLmJhY2tlbmQuQ3VzdG9tQmFja2VuZCIsIl9zZXNzaW9uX2V4cGlyeSI6MTgwMCwiX2F1dGhfdXNlcl9oYXNoIjoiYmJhYmZlYjI4NWJjOGE5ZDM3NjIwZTViMGE0NzkxODcwOWFlMjI2NiIsInVzZXJuYW1lIjoiYWRtaW4iLCJfYXV0aF91c2VyX2lkIjoiMSJ9','2017-05-12 04:20:01.048377'),('jy1gxhgy53ekihdb9r0b4bfpfzv7fg16','NmM4ZjQ1MmI3YzIxYjk1YmQ5MjdhMGE0ZGRlYzNmMDRkMmZjMTJhZDp7Il9hdXRoX3VzZXJfaWQiOiIxIiwiX3Nlc3Npb25fZXhwaXJ5IjoxODAwLCJ1c2VybmFtZSI6ImFkbWluIiwiX2F1dGhfdXNlcl9iYWNrZW5kIjoiYXBwcy5wb3J0YWwuYmFja2VuZC5DdXN0b21CYWNrZW5kIiwiX2F1dGhfdXNlcl9oYXNoIjoiYmJhYmZlYjI4NWJjOGE5ZDM3NjIwZTViMGE0NzkxODcwOWFlMjI2NiJ9','2017-05-12 09:13:43.081621'),('k4u793q5go8mh2gj7snr34zkgnybrhde','NzJkNmUzZmI2NjI2MWFhMDdlOWQwMTJkY2ExMWY4MTE0NWIzNmYwMjp7Il9hdXRoX3VzZXJfYmFja2VuZCI6ImFwcHMucG9ydGFsLmJhY2tlbmQuQ3VzdG9tQmFja2VuZCIsIl9zZXNzaW9uX2V4cGlyeSI6MTgwMCwiX2F1dGhfdXNlcl9oYXNoIjoiYmJhYmZlYjI4NWJjOGE5ZDM3NjIwZTViMGE0NzkxODcwOWFlMjI2NiIsInVzZXJuYW1lIjoiYWRtaW4iLCJfYXV0aF91c2VyX2lkIjoiMSJ9','2017-05-12 04:19:44.571677'),('kynlcf2ce022cfobvls1bz5rfeor9z87','MDU5ODMxMGU2MjBmZGM3MjU5MjdkOGFjYmIwZDExYmJjYzQ2Y2U4MDp7Il9hdXRoX3VzZXJfYmFja2VuZCI6ImFwcHMucG9ydGFsLmJhY2tlbmQuQ3VzdG9tQmFja2VuZCIsIl9hdXRoX3VzZXJfaGFzaCI6Ijk4MTAwMjAxMWVkN2EyNTAyNDA3NzBiNDFkY2U4OTMxNTFiMGI0NTgiLCJfYXV0aF91c2VyX2lkIjoiNTciLCJ1c2VybmFtZSI6IjE5MTE1NDUiLCJfc2Vzc2lvbl9leHBpcnkiOjE4MDB9','2017-05-24 03:31:47.116209'),('l3vi7c9vwucz7xjsvfri9dm9ea4hckem','NmMyZTA5ZjUzNWQxYjczOWU5N2JiNjc5NDc0MjM3ODJkNzg4ODU1Njp7Il9hdXRoX3VzZXJfaGFzaCI6ImJiYWJmZWIyODViYzhhOWQzNzYyMGU1YjBhNDc5MTg3MDlhZTIyNjYiLCJfYXV0aF91c2VyX2lkIjoiMSIsIl9hdXRoX3VzZXJfYmFja2VuZCI6ImRqYW5nby5jb250cmliLmF1dGguYmFja2VuZHMuTW9kZWxCYWNrZW5kIn0=','2017-02-02 09:30:33.334260'),('m1kc2lbvxmo6pdtpto8hjwt9bnmbey4b','ZGQ3NzZmMWIzMTI2YTZlNWE0MWEyMTliYmVhMTFlMjc4NzI2N2Y1NTp7fQ==','2017-05-26 03:01:42.171899'),('nf3o9yt3otmxrez6xzt9xb7up27gznel','ZGQ3NzZmMWIzMTI2YTZlNWE0MWEyMTliYmVhMTFlMjc4NzI2N2Y1NTp7fQ==','2017-05-26 03:00:40.242827'),('oaqf7avuse74lszw36e5vkrngizf1sxv','MWI2MDA5YzE5ZTM5Y2JhZmMxZDhlMTQwNjZkNmZmNjJmNWU0Njk5Njp7Il9zZXNzaW9uX2V4cGlyeSI6MTgwMCwidXNlcm5hbWUiOiJhZG1pbiIsIl9hdXRoX3VzZXJfaGFzaCI6ImJiYWJmZWIyODViYzhhOWQzNzYyMGU1YjBhNDc5MTg3MDlhZTIyNjYiLCJfYXV0aF91c2VyX2lkIjoiMSIsIl9hdXRoX3VzZXJfYmFja2VuZCI6ImFwcHMucG9ydGFsLmJhY2tlbmQuQ3VzdG9tQmFja2VuZCJ9','2017-05-12 06:03:54.526766'),('qavlnlpiq3nlhi668n1w550umvr448zd','NmU3YTEyMGRjYzRiZjgwMWYzYjkwYmZkNjUxNjRlYmM0ZGYwYWI2ZTp7Il9hdXRoX3VzZXJfYmFja2VuZCI6ImFwcHMucG9ydGFsLmJhY2tlbmQuQ3VzdG9tQmFja2VuZCIsIl9hdXRoX3VzZXJfaWQiOiIyIiwidXNlcm5hbWUiOiIxOTEwNjM1IiwiX2F1dGhfdXNlcl9oYXNoIjoiMzhhMWNmOTM3NDFiZDQxMDY4YmViZTQ2M2YzNzUyODNmZTFhOTc0NyIsIl9zZXNzaW9uX2V4cGlyeSI6MTgwMH0=','2017-02-19 06:10:19.120906'),('qea5s2q0rvcdnzyt7i1u91p4phinj83m','MjQzZTM2ZGM4OWE4N2UyMjNmYTRlYjY0MWFhMzcxYjY1YWM4OWMyZDp7Il9hdXRoX3VzZXJfaGFzaCI6ImJiYWJmZWIyODViYzhhOWQzNzYyMGU1YjBhNDc5MTg3MDlhZTIyNjYiLCJfYXV0aF91c2VyX2JhY2tlbmQiOiJkamFuZ28uY29udHJpYi5hdXRoLmJhY2tlbmRzLk1vZGVsQmFja2VuZCIsIl9hdXRoX3VzZXJfaWQiOiIxIn0=','2017-02-02 06:19:28.589304'),('rlk6qk195x33qv21fmccn708icnuoqw3','YWViMjExOTEwZDlmZDJlZGQ5OWRhN2E0NmFkMGU5NTVmNjZhMGJlODp7Il9hdXRoX3VzZXJfaWQiOiIxIiwiX3Nlc3Npb25fZXhwaXJ5IjoxODAwLCJfYXV0aF91c2VyX2hhc2giOiJiYmFiZmViMjg1YmM4YTlkMzc2MjBlNWIwYTQ3OTE4NzA5YWUyMjY2IiwidXNlcm5hbWUiOiJhZG1pbiIsIl9hdXRoX3VzZXJfYmFja2VuZCI6ImFwcHMucG9ydGFsLmJhY2tlbmQuQ3VzdG9tQmFja2VuZCJ9','2017-05-16 07:57:00.478953'),('u8dw2kvz8h71h2l2o5560vps94h2h7np','OTk5NTUwMWIzM2M3ODZmZTdmZjMzZTlkZDY0MjVlNzBjOGIxODlkMzp7Il9hdXRoX3VzZXJfaGFzaCI6ImJiYWJmZWIyODViYzhhOWQzNzYyMGU1YjBhNDc5MTg3MDlhZTIyNjYiLCJfYXV0aF91c2VyX2JhY2tlbmQiOiJhcHBzLnBvcnRhbC5iYWNrZW5kLkN1c3RvbUJhY2tlbmQiLCJfYXV0aF91c2VyX2lkIjoiMSIsInVzZXJuYW1lIjoiYWRtaW4iLCJfc2Vzc2lvbl9leHBpcnkiOjE4MDB9','2017-05-12 04:49:59.187083'),('uffqrb7mdjksh30619n66xqtqzbufnr5','YzFjOWYxMjQzNjdkYTE3YjYyZmRjZDQ4ZGMwZjdkZmZkNzZjYjFiZjp7Il9hdXRoX3VzZXJfaGFzaCI6ImJiYWJmZWIyODViYzhhOWQzNzYyMGU1YjBhNDc5MTg3MDlhZTIyNjYiLCJfc2Vzc2lvbl9leHBpcnkiOjE4MDAsInVzZXJuYW1lIjoiYWRtaW4iLCJfYXV0aF91c2VyX2JhY2tlbmQiOiJhcHBzLnBvcnRhbC5iYWNrZW5kLkN1c3RvbUJhY2tlbmQiLCJfYXV0aF91c2VyX2lkIjoiMSJ9','2017-05-12 09:42:08.365874'),('vtx0ramwy0pzjje3xb2t6szbp4ikd594','YzI5NTA5NGUyNzQ2ZGEzNTNjODFlZTJhYThmMTMyY2NhY2QxMGQ3ODp7Il9hdXRoX3VzZXJfYmFja2VuZCI6ImFwcHMucG9ydGFsLmJhY2tlbmQuQ3VzdG9tQmFja2VuZCIsIl9hdXRoX3VzZXJfaGFzaCI6Ijk4MTAwMjAxMWVkN2EyNTAyNDA3NzBiNDFkY2U4OTMxNTFiMGI0NTgiLCJfc2Vzc2lvbl9leHBpcnkiOjE4MDAsIl9hdXRoX3VzZXJfaWQiOiI1NyIsInVzZXJuYW1lIjoiMTkxMTU0NSJ9','2017-05-23 12:34:11.012969'),('wh110krtmgcjw1ptj76uco665tmbjydd','OTkxZmMwODFhMGU5ZWU4Mzc3MWQxNmU2ZmFhMDE4MTIwOTg5ODBiZTp7InVzZXJuYW1lIjoiMTkxMTU0NSIsIl9hdXRoX3VzZXJfaGFzaCI6Ijk4MTAwMjAxMWVkN2EyNTAyNDA3NzBiNDFkY2U4OTMxNTFiMGI0NTgiLCJfc2Vzc2lvbl9leHBpcnkiOjE4MDAsIl9hdXRoX3VzZXJfaWQiOiI1NyIsIl9hdXRoX3VzZXJfYmFja2VuZCI6ImFwcHMucG9ydGFsLmJhY2tlbmQuQ3VzdG9tQmFja2VuZCJ9','2017-05-23 09:31:32.887764'),('y17eede8yaiojqtwv9qc1p133ks79v7p','ZGQ3NzZmMWIzMTI2YTZlNWE0MWEyMTliYmVhMTFlMjc4NzI2N2Y1NTp7fQ==','2017-05-26 03:00:18.903806'),('yjsrz8rax4w4q10x0gzenqyym3c1p49q','NmRlNWVjN2UyMjMzMjBiZGJjZmYyNTI4ZTBiNjcwYzExMmZiNmU5OTp7Il9hdXRoX3VzZXJfYmFja2VuZCI6ImFwcHMucG9ydGFsLmJhY2tlbmQuQ3VzdG9tQmFja2VuZCIsIl9hdXRoX3VzZXJfaWQiOiI1OCIsInVzZXJuYW1lIjoiMTkxMjUzNyIsIl9zZXNzaW9uX2V4cGlyeSI6MTgwMCwiX2F1dGhfdXNlcl9oYXNoIjoiOTQ4MWUzOWI4MDVlMzZkMzRjMjgyNzNhMGFkOGE1MDVhOTM1ZmZkZiJ9','2017-05-23 09:46:24.311411');
/*!40000 ALTER TABLE `django_session` ENABLE KEYS */;
UNLOCK TABLES;
/*!40103 SET TIME_ZONE=@OLD_TIME_ZONE */;

/*!40101 SET SQL_MODE=@OLD_SQL_MODE */;
/*!40014 SET FOREIGN_KEY_CHECKS=@OLD_FOREIGN_KEY_CHECKS */;
/*!40014 SET UNIQUE_CHECKS=@OLD_UNIQUE_CHECKS */;
/*!40101 SET CHARACTER_SET_CLIENT=@OLD_CHARACTER_SET_CLIENT */;
/*!40101 SET CHARACTER_SET_RESULTS=@OLD_CHARACTER_SET_RESULTS */;
/*!40101 SET COLLATION_CONNECTION=@OLD_COLLATION_CONNECTION */;
/*!40111 SET SQL_NOTES=@OLD_SQL_NOTES */;

-- Dump completed on 2017-05-24 12:00:00
